country_name,admin1_name,latitude,longitude,aggregation,indicator,value
#country,#adm1+name,#geo+lat,#geo+lon,,#indicator+name,#indicator+num
Congo,Likouala,3.45739,18.62769,none,flood,1.0
Congo,Likouala,3.4529,18.62994,none,flood,1.0
Congo,Likouala,3.44616,18.62994,none,flood,1.0
Congo,Likouala,3.44392,18.62994,none,flood,1.0
Congo,Likouala,3.4237,18.63218,none,flood,1.0
Congo,Likouala,3.41023,18.62994,none,flood,1.0
Congo,Likouala,3.40798,18.62769,none,flood,1.0
Congo,Likouala,3.40798,18.62994,none,flood,1.0
Congo,Likouala,3.40574,18.62769,none,flood,1.0
Congo,Likouala,3.40574,18.62994,none,flood,1.0
Congo,Likouala,3.40349,18.62769,none,flood,1.0
Congo,Likouala,3.40349,18.62994,none,flood,1.0
Congo,Likouala,3.40125,18.62769,none,flood,1.0
Congo,Likouala,3.40125,18.62994,none,flood,1.0
Congo,Likouala,3.399,18.62769,none,flood,1.0
Congo,Likouala,3.399,18.62994,none,flood,1.0
Congo,Likouala,3.39675,18.62769,none,flood,1.0
Congo,Likouala,3.39675,18.62994,none,flood,1.0
Congo,Likouala,3.39451,18.62769,none,flood,1.0
Congo,Likouala,3.39451,18.62994,none,flood,1.0
Congo,Likouala,3.39226,18.62769,none,flood,1.0
Congo,Likouala,3.39226,18.62994,none,flood,1.0
Congo,Likouala,3.39002,18.62769,none,flood,1.0
Congo,Likouala,3.39002,18.62994,none,flood,1.0
Congo,Likouala,3.38777,18.62994,none,flood,1.0
Congo,Likouala,3.38777,18.63218,none,flood,1.0
Congo,Likouala,3.38553,18.62994,none,flood,1.0
Congo,Likouala,3.38553,18.63218,none,flood,1.0
Congo,Likouala,3.38328,18.63218,none,flood,1.0
Congo,Likouala,3.38328,18.63443,none,flood,1.0
Congo,Likouala,3.38103,18.63218,none,flood,1.0
Congo,Likouala,3.38103,18.63443,none,flood,1.0
Congo,Likouala,3.38103,18.63667,none,flood,1.0
Congo,Likouala,3.37879,18.63443,none,flood,1.0
Congo,Likouala,3.36082,18.63667,none,flood,1.0
Congo,Likouala,3.32938,18.63892,none,flood,1.0
Congo,Likouala,3.32714,18.63892,none,flood,1.0
Congo,Likouala,3.32714,18.64117,none,flood,1.0
Congo,Likouala,3.3204,18.64117,none,flood,1.0
Congo,Likouala,3.31815,18.64117,none,flood,1.0
Congo,Likouala,3.31591,18.64117,none,flood,1.0
Congo,Likouala,3.31366,18.63892,none,flood,1.0
Congo,Likouala,3.31366,18.64117,none,flood,1.0
Congo,Likouala,3.31141,18.63892,none,flood,1.0
Congo,Likouala,3.31141,18.64117,none,flood,1.0
Congo,Likouala,3.30917,18.63892,none,flood,1.0
Congo,Likouala,3.30917,18.64117,none,flood,1.0
Congo,Likouala,3.30692,18.63892,none,flood,1.0
Congo,Likouala,3.30468,18.63892,none,flood,1.0
Congo,Likouala,3.30019,18.63667,none,flood,1.0
Congo,Likouala,3.29569,18.63443,none,flood,1.0
Congo,Likouala,3.29569,18.63892,none,flood,1.0
Congo,Likouala,3.29345,18.63443,none,flood,1.0
Congo,Likouala,3.2912,18.63443,none,flood,1.0
Congo,Likouala,3.2912,18.63892,none,flood,1.0
Congo,Likouala,3.28896,18.63443,none,flood,1.0
Congo,Likouala,3.28896,18.63892,none,flood,1.0
Congo,Likouala,3.2665,18.63443,none,flood,1.0
Congo,Likouala,3.25752,18.63443,none,flood,1.0
Congo,Likouala,3.25527,18.63443,none,flood,1.0
Congo,Likouala,3.25527,18.63667,none,flood,1.0
Congo,Likouala,3.25302,18.63443,none,flood,1.0
Congo,Likouala,3.25302,18.63667,none,flood,1.0
Congo,Likouala,3.25078,18.63443,none,flood,1.0
Congo,Likouala,3.25078,18.63667,none,flood,1.0
Congo,Likouala,3.24853,18.63443,none,flood,1.0
Congo,Likouala,3.18565,18.62769,none,flood,1.0
Congo,Likouala,3.17891,18.62994,none,flood,1.0
Congo,Likouala,3.17218,18.62544,none,flood,1.0
Congo,Likouala,3.17218,18.62769,none,flood,1.0
Congo,Likouala,3.16993,18.61871,none,flood,1.0
Congo,Likouala,3.16993,18.62544,none,flood,1.0
Congo,Likouala,3.16768,18.62544,none,flood,1.0
Congo,Likouala,3.16544,18.62544,none,flood,1.0
Congo,Likouala,3.16319,18.6232,none,flood,1.0
Congo,Likouala,3.15196,18.60972,none,flood,1.0
Congo,Likouala,3.14747,18.60748,none,flood,1.0
Congo,Likouala,3.14523,18.61197,none,flood,1.0
Congo,Likouala,3.14523,18.61422,none,flood,1.0
Congo,Likouala,3.14298,18.60972,none,flood,1.0
Congo,Likouala,3.14298,18.61197,none,flood,1.0
Congo,Likouala,3.14073,18.60972,none,flood,1.0
Congo,Likouala,3.13849,18.60972,none,flood,1.0
Congo,Likouala,3.13624,18.60748,none,flood,1.0
Congo,Likouala,3.13624,18.60972,none,flood,1.0
Congo,Likouala,3.13624,18.61422,none,flood,1.0
Congo,Likouala,3.134,18.60748,none,flood,1.0
Congo,Likouala,3.13175,18.60748,none,flood,1.0
Congo,Likouala,3.13175,18.60972,none,flood,1.0
Congo,Likouala,3.12951,18.60748,none,flood,1.0
Congo,Likouala,3.09582,18.54235,none,flood,1.0
Congo,Likouala,3.09582,18.5446,none,flood,1.0
Congo,Likouala,3.09357,18.53786,none,flood,1.0
Congo,Likouala,3.08234,18.52663,none,flood,1.0
Congo,Likouala,3.07561,18.52214,none,flood,1.0
Congo,Likouala,3.06213,18.52663,none,flood,1.0
Congo,Likouala,3.05315,18.52214,none,flood,1.0
Congo,Likouala,3.0509,18.52214,none,flood,1.0
Congo,Likouala,3.00823,18.50417,none,flood,1.0
Congo,Likouala,3.00823,18.50642,none,flood,1.0
Congo,Likouala,3.00823,18.50866,none,flood,1.0
Congo,Likouala,3.00599,18.50417,none,flood,1.0
Congo,Likouala,3.00599,18.50642,none,flood,1.0
Congo,Likouala,3.00374,18.49968,none,flood,1.0
Congo,Likouala,3.0015,18.50193,none,flood,1.0
Congo,Likouala,3.0015,18.50417,none,flood,1.0
Congo,Likouala,2.99925,18.49519,none,flood,1.0
Congo,Likouala,2.99925,18.49743,none,flood,1.0
Congo,Likouala,2.99925,18.49968,none,flood,1.0
Congo,Likouala,2.99925,18.50193,none,flood,1.0
Congo,Likouala,2.997,18.49519,none,flood,1.0
Congo,Likouala,2.997,18.49743,none,flood,1.0
Congo,Likouala,2.997,18.49968,none,flood,1.0
Congo,Likouala,2.99476,18.4907,none,flood,1.0
Congo,Likouala,2.99476,18.49294,none,flood,1.0
Congo,Likouala,2.99476,18.49519,none,flood,1.0
Congo,Likouala,2.99251,18.48845,none,flood,1.0
Congo,Likouala,2.99251,18.4907,none,flood,1.0
Congo,Likouala,2.99251,18.49294,none,flood,1.0
Congo,Likouala,2.99251,18.49519,none,flood,1.0
Congo,Likouala,2.99027,18.4907,none,flood,1.0
Congo,Likouala,2.98802,18.48845,none,flood,1.0
Congo,Likouala,2.98802,18.4907,none,flood,1.0
Congo,Likouala,2.98578,18.48621,none,flood,1.0
Congo,Likouala,2.98128,18.48396,none,flood,1.0
Congo,Likouala,2.97904,18.47947,none,flood,1.0
Congo,Likouala,2.97679,18.47498,none,flood,1.0
Congo,Likouala,2.97679,18.47947,none,flood,1.0
Congo,Likouala,2.97455,18.47498,none,flood,1.0
Congo,Likouala,2.97005,18.47273,none,flood,1.0
Congo,Likouala,2.96781,18.46824,none,flood,1.0
Congo,Likouala,2.96781,18.47049,none,flood,1.0
Congo,Likouala,2.96781,18.47273,none,flood,1.0
Congo,Likouala,2.96556,18.47049,none,flood,1.0
Congo,Likouala,2.96332,18.47049,none,flood,1.0
Congo,Likouala,2.96107,18.46824,none,flood,1.0
Congo,Likouala,2.96107,18.47049,none,flood,1.0
Congo,Likouala,2.95883,18.46599,none,flood,1.0
Congo,Likouala,2.95883,18.46824,none,flood,1.0
Congo,Likouala,2.95658,18.46375,none,flood,1.0
Congo,Likouala,2.95658,18.46599,none,flood,1.0
Congo,Likouala,2.95658,18.46824,none,flood,1.0
Congo,Likouala,2.95433,18.46375,none,flood,1.0
Congo,Likouala,2.95433,18.46599,none,flood,1.0
Congo,Likouala,2.95433,18.46824,none,flood,1.0
Congo,Likouala,2.94535,18.45252,none,flood,1.0
Congo,Likouala,2.93861,18.44578,none,flood,1.0
Congo,Likouala,2.93637,18.44578,none,flood,1.0
Congo,Likouala,2.93188,18.45701,none,flood,1.0
Congo,Likouala,2.91391,18.44354,none,flood,1.0
Congo,Likouala,2.91166,18.45027,none,flood,1.0
Congo,Likouala,2.90942,18.44578,none,flood,1.0
Congo,Likouala,2.90717,18.44578,none,flood,1.0
Congo,Likouala,2.90044,18.44129,none,flood,1.0
Congo,Likouala,2.88696,18.44354,none,flood,1.0
Congo,Likouala,2.87349,18.44129,none,flood,1.0
Congo,Likouala,2.76793,18.40311,none,flood,1.0
Congo,Likouala,2.76569,18.40311,none,flood,1.0
Congo,Likouala,2.74772,18.40536,none,flood,1.0
Congo,Likouala,2.74548,18.40087,none,flood,1.0
Congo,Likouala,2.73874,18.40087,none,flood,1.0
Congo,Likouala,2.73649,18.39862,none,flood,1.0
Congo,Likouala,2.73649,18.40087,none,flood,1.0
Congo,Likouala,2.73425,18.38964,none,flood,1.0
Congo,Likouala,2.73425,18.39637,none,flood,1.0
Congo,Likouala,2.73425,18.39862,none,flood,1.0
Congo,Likouala,2.732,18.39188,none,flood,1.0
Congo,Likouala,2.732,18.39413,none,flood,1.0
Congo,Likouala,2.732,18.39637,none,flood,1.0
Congo,Likouala,2.732,18.39862,none,flood,1.0
Congo,Likouala,2.72976,18.38964,none,flood,1.0
Congo,Likouala,2.72976,18.39188,none,flood,1.0
Congo,Likouala,2.72976,18.39413,none,flood,1.0
Congo,Likouala,2.72976,18.39637,none,flood,1.0
Congo,Likouala,2.72976,18.39862,none,flood,1.0
Congo,Likouala,2.72751,18.38964,none,flood,1.0
Congo,Likouala,2.72751,18.39188,none,flood,1.0
Congo,Likouala,2.72751,18.39413,none,flood,1.0
Congo,Likouala,2.72751,18.39637,none,flood,1.0
Congo,Likouala,2.72526,18.38964,none,flood,1.0
Congo,Likouala,2.72526,18.39188,none,flood,1.0
Congo,Likouala,2.72526,18.39637,none,flood,1.0
Congo,Likouala,2.72302,18.38964,none,flood,1.0
Congo,Likouala,2.72302,18.39637,none,flood,1.0
Congo,Likouala,2.71853,18.38964,none,flood,1.0
Congo,Likouala,2.71628,18.38739,none,flood,1.0
Congo,Likouala,2.71628,18.38964,none,flood,1.0
Congo,Likouala,2.71404,18.38739,none,flood,1.0
Congo,Likouala,2.71179,18.38515,none,flood,1.0
Congo,Likouala,2.69158,18.36942,none,flood,1.0
Congo,Likouala,2.68709,18.37616,none,flood,1.0
Congo,Likouala,2.68484,18.37167,none,flood,1.0
Congo,Likouala,2.68484,18.37392,none,flood,1.0
Congo,Likouala,2.68259,18.36942,none,flood,1.0
Congo,Likouala,2.68259,18.37167,none,flood,1.0
Congo,Likouala,2.68035,18.36718,none,flood,1.0
Congo,Likouala,2.68035,18.36942,none,flood,1.0
Congo,Likouala,2.68035,18.37167,none,flood,1.0
Congo,Likouala,2.6781,18.36493,none,flood,1.0
Congo,Likouala,2.6781,18.36718,none,flood,1.0
Congo,Likouala,2.6781,18.36942,none,flood,1.0
Congo,Likouala,2.67586,18.36493,none,flood,1.0
Congo,Likouala,2.67586,18.36718,none,flood,1.0
Congo,Likouala,2.67361,18.36493,none,flood,1.0
Congo,Likouala,2.67137,18.36269,none,flood,1.0
Congo,Likouala,2.66912,18.36269,none,flood,1.0
Congo,Likouala,2.66238,18.35595,none,flood,1.0
Congo,Likouala,2.66014,18.34921,none,flood,1.0
Congo,Likouala,2.66014,18.35146,none,flood,1.0
Congo,Likouala,2.66014,18.3537,none,flood,1.0
Congo,Likouala,2.65789,18.34697,none,flood,1.0
Congo,Likouala,2.65789,18.34921,none,flood,1.0
Congo,Likouala,2.65789,18.35146,none,flood,1.0
Congo,Likouala,2.65564,18.34697,none,flood,1.0
Congo,Likouala,2.6534,18.35146,none,flood,1.0
Congo,Likouala,2.6534,18.3537,none,flood,1.0
Congo,Likouala,2.65115,18.35595,none,flood,1.0
Congo,Likouala,2.64891,18.35146,none,flood,1.0
Congo,Likouala,2.64891,18.3537,none,flood,1.0
Congo,Likouala,2.64666,18.34697,none,flood,1.0
Congo,Likouala,2.64666,18.34921,none,flood,1.0
Congo,Likouala,2.64666,18.35146,none,flood,1.0
Congo,Likouala,2.64442,18.34697,none,flood,1.0
Congo,Likouala,2.64442,18.34921,none,flood,1.0
Congo,Likouala,2.64442,18.35146,none,flood,1.0
Congo,Likouala,2.64217,18.34697,none,flood,1.0
Congo,Likouala,2.64217,18.34921,none,flood,1.0
Congo,Likouala,2.63992,18.34697,none,flood,1.0
Congo,Likouala,2.63992,18.34921,none,flood,1.0
Congo,Likouala,2.59276,18.31328,none,flood,1.0
Congo,Likouala,2.59276,18.31553,none,flood,1.0
Congo,Likouala,2.59276,18.31777,none,flood,1.0
Congo,Likouala,2.59052,18.31328,none,flood,1.0
Congo,Likouala,2.59052,18.31553,none,flood,1.0
Congo,Likouala,2.59052,18.31777,none,flood,1.0
Congo,Likouala,2.58827,18.31103,none,flood,1.0
Congo,Likouala,2.58827,18.31328,none,flood,1.0
Congo,Likouala,2.58827,18.31553,none,flood,1.0
Congo,Likouala,2.57929,18.31328,none,flood,1.0
Congo,Likouala,2.57704,18.29981,none,flood,1.0
Congo,Likouala,2.57704,18.31103,none,flood,1.0
Congo,Likouala,2.57704,18.31328,none,flood,1.0
Congo,Likouala,2.5748,18.30654,none,flood,1.0
Congo,Likouala,2.5748,18.30879,none,flood,1.0
Congo,Likouala,2.5703,18.29981,none,flood,1.0
Congo,Likouala,2.56806,18.29756,none,flood,1.0
Congo,Likouala,2.56357,18.27959,none,flood,1.0
Congo,Likouala,2.56132,18.27735,none,flood,1.0
Congo,Likouala,2.55908,18.27735,none,flood,1.0
Congo,Likouala,2.55908,18.27959,none,flood,1.0
Congo,Likouala,2.55908,18.28184,none,flood,1.0
Congo,Likouala,2.55458,18.25714,none,flood,1.0
Congo,Likouala,2.55234,18.25489,none,flood,1.0
Congo,Likouala,2.55234,18.26163,none,flood,1.0
Congo,Likouala,2.55234,18.26387,none,flood,1.0
Congo,Likouala,2.55234,18.26612,none,flood,1.0
Congo,Likouala,2.55009,18.2504,none,flood,1.0
Congo,Likouala,2.55009,18.25264,none,flood,1.0
Congo,Likouala,2.55009,18.25489,none,flood,1.0
Congo,Likouala,2.55009,18.25714,none,flood,1.0
Congo,Likouala,2.54785,18.24815,none,flood,1.0
Congo,Likouala,2.54785,18.2504,none,flood,1.0
Congo,Likouala,2.54785,18.25264,none,flood,1.0
Congo,Likouala,2.5456,18.24366,none,flood,1.0
Congo,Likouala,2.54336,18.23917,none,flood,1.0
Congo,Likouala,2.54336,18.24141,none,flood,1.0
Congo,Likouala,2.54111,18.23468,none,flood,1.0
Congo,Likouala,2.53886,18.23468,none,flood,1.0
Congo,Likouala,2.53886,18.23692,none,flood,1.0
Congo,Likouala,2.53886,18.26612,none,flood,1.0
Congo,Likouala,2.53662,18.23243,none,flood,1.0
Congo,Likouala,2.53662,18.26387,none,flood,1.0
Congo,Likouala,2.51865,18.22569,none,flood,1.0
Congo,Likouala,2.51191,18.22345,none,flood,1.0
Congo,Likouala,2.50293,18.21896,none,flood,1.0
Congo,Likouala,2.50069,18.21896,none,flood,1.0
Congo,Likouala,2.49844,18.2212,none,flood,1.0
Congo,Likouala,2.47823,18.21896,none,flood,1.0
Congo,Likouala,2.47823,18.2212,none,flood,1.0
Congo,Likouala,2.47598,18.21896,none,flood,1.0
Congo,Likouala,2.45352,18.21671,none,flood,1.0
Congo,Likouala,2.40412,18.19874,none,flood,1.0
Congo,Likouala,2.36369,18.17404,none,flood,1.0
Congo,Likouala,2.36369,18.17629,none,flood,1.0
Congo,Likouala,2.36369,18.17853,none,flood,1.0
Congo,Likouala,2.36369,18.18078,none,flood,1.0
Congo,Likouala,2.36145,18.17404,none,flood,1.0
Congo,Likouala,2.36145,18.17629,none,flood,1.0
Congo,Likouala,2.36145,18.17853,none,flood,1.0
Congo,Likouala,2.36145,18.18078,none,flood,1.0
Congo,Likouala,2.3592,18.17404,none,flood,1.0
Congo,Likouala,2.3592,18.17629,none,flood,1.0
Congo,Likouala,2.35471,18.1718,none,flood,1.0
Congo,Likouala,2.34797,18.1673,none,flood,1.0
Congo,Likouala,2.34797,18.17853,none,flood,1.0
Congo,Likouala,2.34573,18.16506,none,flood,1.0
Congo,Likouala,2.34573,18.1673,none,flood,1.0
Congo,Likouala,2.34573,18.17629,none,flood,1.0
Congo,Likouala,2.34348,18.16281,none,flood,1.0
Congo,Likouala,2.34348,18.16506,none,flood,1.0
Congo,Likouala,2.34348,18.17404,none,flood,1.0
Congo,Likouala,2.34123,18.16057,none,flood,1.0
Congo,Likouala,2.34123,18.16281,none,flood,1.0
Congo,Likouala,2.34123,18.16506,none,flood,1.0
Congo,Likouala,2.34123,18.1718,none,flood,1.0
Congo,Likouala,2.34123,18.17404,none,flood,1.0
Congo,Likouala,2.33899,18.16057,none,flood,1.0
Congo,Likouala,2.33899,18.16955,none,flood,1.0
Congo,Likouala,2.33899,18.1718,none,flood,1.0
Congo,Likouala,2.33674,18.1673,none,flood,1.0
Congo,Likouala,2.33674,18.16955,none,flood,1.0
Congo,Likouala,2.3345,18.15832,none,flood,1.0
Congo,Likouala,2.33225,18.16506,none,flood,1.0
Congo,Likouala,2.33225,18.1673,none,flood,1.0
Congo,Likouala,2.33001,18.16506,none,flood,1.0
Congo,Likouala,2.32102,18.14709,none,flood,1.0
Congo,Likouala,2.32102,18.14934,none,flood,1.0
Congo,Likouala,2.31878,18.14709,none,flood,1.0
Congo,Likouala,2.31653,18.1426,none,flood,1.0
Congo,Likouala,2.31653,18.14485,none,flood,1.0
Congo,Likouala,2.31653,18.14709,none,flood,1.0
Congo,Likouala,2.31428,18.1426,none,flood,1.0
Congo,Likouala,2.31428,18.14485,none,flood,1.0
Congo,Likouala,2.31204,18.14035,none,flood,1.0
Congo,Likouala,2.31204,18.1426,none,flood,1.0
Congo,Likouala,2.30979,18.14035,none,flood,1.0
Congo,Likouala,2.3053,18.13137,none,flood,1.0
Congo,Likouala,2.3053,18.13362,none,flood,1.0
Congo,Likouala,2.2514,18.09095,none,flood,1.0
Congo,Likouala,2.24916,18.09095,none,flood,1.0
Congo,Likouala,2.24691,18.0887,none,flood,1.0
Congo,Likouala,2.24691,18.09095,none,flood,1.0
Congo,Likouala,2.24467,18.0887,none,flood,1.0
Congo,Likouala,2.24467,18.09095,none,flood,1.0
Congo,Likouala,2.24242,18.0887,none,flood,1.0
Congo,Likouala,2.24242,18.09095,none,flood,1.0
Congo,Likouala,2.24017,18.08646,none,flood,1.0
Congo,Likouala,2.24017,18.0887,none,flood,1.0
Congo,Likouala,2.23793,18.08646,none,flood,1.0
Congo,Likouala,2.23793,18.0887,none,flood,1.0
Congo,Likouala,2.23568,18.0887,none,flood,1.0
Congo,Likouala,2.23344,18.0887,none,flood,1.0
Congo,Likouala,2.23119,18.08646,none,flood,1.0
Congo,Likouala,2.23119,18.0887,none,flood,1.0
Congo,Likouala,2.22894,18.0887,none,flood,1.0
Congo,Likouala,2.22894,18.09095,none,flood,1.0
Congo,Likouala,2.2267,18.0887,none,flood,1.0
Congo,Likouala,2.2267,18.09095,none,flood,1.0
Congo,Likouala,2.22445,18.0887,none,flood,1.0
Congo,Likouala,2.19975,18.08196,none,flood,1.0
Congo,Likouala,2.19526,18.08421,none,flood,1.0
Congo,Likouala,2.19301,18.08421,none,flood,1.0
Congo,Likouala,2.11666,18.07523,none,flood,1.0
Congo,Likouala,2.11441,18.07523,none,flood,1.0
Congo,Likouala,2.11216,18.07523,none,flood,1.0
Congo,Likouala,2.10992,18.07523,none,flood,1.0
Congo,Likouala,2.10767,18.07523,none,flood,1.0
Congo,Likouala,2.10543,18.07298,none,flood,1.0
Congo,Likouala,2.10543,18.07523,none,flood,1.0
Congo,Likouala,2.10318,18.07298,none,flood,1.0
Congo,Likouala,2.08971,18.07523,none,flood,1.0
Congo,Likouala,2.08746,18.07523,none,flood,1.0
Congo,Likouala,2.08521,18.07523,none,flood,1.0
Congo,Likouala,2.08521,18.07747,none,flood,1.0
Congo,Likouala,2.08297,18.07298,none,flood,1.0
Congo,Likouala,2.08297,18.07523,none,flood,1.0
Congo,Likouala,2.08072,18.07523,none,flood,1.0
Congo,Likouala,2.07848,18.07073,none,flood,1.0
Congo,Likouala,2.07848,18.07523,none,flood,1.0
Congo,Likouala,2.07623,18.07073,none,flood,1.0
Congo,Likouala,2.07399,18.07073,none,flood,1.0
Congo,Likouala,2.07174,18.06849,none,flood,1.0
Congo,Likouala,2.07174,18.07073,none,flood,1.0
Congo,Likouala,2.06949,18.06624,none,flood,1.0
Congo,Likouala,2.06949,18.06849,none,flood,1.0
Congo,Likouala,2.06725,18.06624,none,flood,1.0
Congo,Likouala,2.06725,18.06849,none,flood,1.0
Congo,Likouala,2.065,18.064,none,flood,1.0
Congo,Likouala,2.065,18.06624,none,flood,1.0
Congo,Likouala,2.065,18.06849,none,flood,1.0
Congo,Likouala,2.06276,18.064,none,flood,1.0
Congo,Likouala,2.06276,18.06624,none,flood,1.0
Congo,Likouala,2.06051,18.06175,none,flood,1.0
Congo,Likouala,2.06051,18.064,none,flood,1.0
Congo,Likouala,2.06051,18.06624,none,flood,1.0
Congo,Likouala,2.06051,18.06849,none,flood,1.0
Congo,Likouala,2.06051,18.07298,none,flood,1.0
Congo,Likouala,2.05826,18.064,none,flood,1.0
Congo,Likouala,2.05826,18.06624,none,flood,1.0
Congo,Likouala,2.05602,18.064,none,flood,1.0
Congo,Likouala,2.05602,18.06624,none,flood,1.0
Congo,Likouala,2.05377,18.064,none,flood,1.0
Congo,Likouala,2.05153,18.064,none,flood,1.0
Congo,Likouala,2.04928,18.064,none,flood,1.0
Congo,Likouala,2.03805,18.064,none,flood,1.0
Congo,Likouala,2.03581,18.064,none,flood,1.0
Congo,Likouala,2.03132,18.064,none,flood,1.0
Congo,Likouala,2.02907,18.064,none,flood,1.0
Congo,Likouala,2.02682,18.07073,none,flood,1.0
Congo,Likouala,2.02682,18.07298,none,flood,1.0
Congo,Likouala,2.02458,18.06624,none,flood,1.0
Congo,Likouala,2.02458,18.07073,none,flood,1.0
Congo,Likouala,2.02458,18.07298,none,flood,1.0
Congo,Likouala,2.02233,18.06624,none,flood,1.0
Congo,Likouala,2.02233,18.07523,none,flood,1.0
Congo,Likouala,2.02009,18.06849,none,flood,1.0
Congo,Likouala,2.02009,18.07073,none,flood,1.0
Congo,Likouala,2.02009,18.07298,none,flood,1.0
Congo,Likouala,2.01784,18.07073,none,flood,1.0
Congo,Likouala,2.01784,18.07298,none,flood,1.0
Congo,Likouala,2.01784,18.07523,none,flood,1.0
Congo,Likouala,2.01559,18.07298,none,flood,1.0
Congo,Likouala,1.97517,18.07747,none,flood,1.0
Congo,Likouala,1.97292,18.07523,none,flood,1.0
Congo,Likouala,1.95945,18.07523,none,flood,1.0
Congo,Likouala,1.9572,18.07523,none,flood,1.0
Congo,Likouala,1.95496,18.07523,none,flood,1.0
Congo,Likouala,1.95271,18.07523,none,flood,1.0
Congo,Likouala,1.94822,18.07523,none,flood,1.0
Congo,Likouala,1.94598,18.07298,none,flood,1.0
Congo,Likouala,1.94598,18.07523,none,flood,1.0
Congo,Likouala,1.94373,18.07298,none,flood,1.0
Congo,Likouala,1.94373,18.07523,none,flood,1.0
Congo,Likouala,1.94373,18.07747,none,flood,1.0
Congo,Likouala,1.93924,18.07298,none,flood,1.0
Congo,Likouala,1.93924,18.07972,none,flood,1.0
Congo,Likouala,1.93699,18.07298,none,flood,1.0
Congo,Likouala,1.93475,18.07073,none,flood,1.0
Congo,Likouala,1.93475,18.07523,none,flood,1.0
Congo,Likouala,1.9325,18.07073,none,flood,1.0
Congo,Likouala,1.9325,18.07298,none,flood,1.0
Congo,Likouala,1.9325,18.07523,none,flood,1.0
Congo,Likouala,1.9325,18.07747,none,flood,1.0
Congo,Likouala,1.93025,18.07073,none,flood,1.0
Congo,Likouala,1.93025,18.07298,none,flood,1.0
Congo,Likouala,1.93025,18.07523,none,flood,1.0
Congo,Likouala,1.93025,18.07747,none,flood,1.0
Congo,Likouala,1.92801,18.07073,none,flood,1.0
Congo,Likouala,1.92801,18.07298,none,flood,1.0
Congo,Likouala,1.92801,18.07523,none,flood,1.0
Congo,Likouala,1.92801,18.07747,none,flood,1.0
Congo,Likouala,1.92576,18.07073,none,flood,1.0
Congo,Likouala,1.92576,18.07523,none,flood,1.0
Congo,Likouala,1.92352,18.07073,none,flood,1.0
Congo,Likouala,1.92352,18.07523,none,flood,1.0
Congo,Likouala,1.92127,18.07073,none,flood,1.0
Congo,Likouala,1.92127,18.07747,none,flood,1.0
Congo,Likouala,1.92127,18.07972,none,flood,1.0
Congo,Likouala,1.91903,18.06849,none,flood,1.0
Congo,Likouala,1.91903,18.07073,none,flood,1.0
Congo,Likouala,1.91903,18.07298,none,flood,1.0
Congo,Likouala,1.91678,18.06849,none,flood,1.0
Congo,Likouala,1.91678,18.07073,none,flood,1.0
Congo,Likouala,1.91678,18.07298,none,flood,1.0
Congo,Likouala,1.91678,18.07523,none,flood,1.0
Congo,Likouala,1.91453,18.07073,none,flood,1.0
Congo,Likouala,1.91453,18.07298,none,flood,1.0
Congo,Likouala,1.91453,18.07523,none,flood,1.0
Congo,Likouala,1.91229,18.06624,none,flood,1.0
Congo,Likouala,1.91229,18.07073,none,flood,1.0
Congo,Likouala,1.91229,18.07298,none,flood,1.0
Congo,Likouala,1.91004,18.06624,none,flood,1.0
Congo,Likouala,1.91004,18.07073,none,flood,1.0
Congo,Likouala,1.91004,18.07298,none,flood,1.0
Congo,Likouala,1.9078,18.06624,none,flood,1.0
Congo,Likouala,1.9078,18.06849,none,flood,1.0
Congo,Likouala,1.9078,18.07073,none,flood,1.0
Congo,Likouala,1.90555,18.06624,none,flood,1.0
Congo,Likouala,1.90555,18.06849,none,flood,1.0
Congo,Likouala,1.90331,18.06624,none,flood,1.0
Congo,Likouala,1.90331,18.06849,none,flood,1.0
Congo,Likouala,1.90106,18.06624,none,flood,1.0
Congo,Likouala,1.90106,18.06849,none,flood,1.0
Congo,Likouala,1.89881,18.06624,none,flood,1.0
Congo,Likouala,1.89881,18.06849,none,flood,1.0
Congo,Likouala,1.89881,18.07298,none,flood,1.0
Congo,Likouala,1.89657,18.064,none,flood,1.0
Congo,Likouala,1.89657,18.06624,none,flood,1.0
Congo,Likouala,1.89657,18.06849,none,flood,1.0
Congo,Likouala,1.89657,18.07298,none,flood,1.0
Congo,Likouala,1.89432,18.06624,none,flood,1.0
Congo,Likouala,1.89432,18.06849,none,flood,1.0
Congo,Likouala,1.89208,18.06624,none,flood,1.0
Congo,Likouala,1.89208,18.06849,none,flood,1.0
Congo,Likouala,1.88983,18.05951,none,flood,1.0
Congo,Likouala,1.88983,18.06624,none,flood,1.0
Congo,Likouala,1.88983,18.06849,none,flood,1.0
Congo,Likouala,1.88758,18.05951,none,flood,1.0
Congo,Likouala,1.88758,18.06624,none,flood,1.0
Congo,Likouala,1.88758,18.06849,none,flood,1.0
Congo,Likouala,1.8786,18.05951,none,flood,1.0
Congo,Likouala,1.87411,18.06175,none,flood,1.0
Congo,Likouala,1.87411,18.064,none,flood,1.0
Congo,Likouala,1.87186,18.06175,none,flood,1.0
Congo,Likouala,1.87186,18.064,none,flood,1.0
Congo,Likouala,1.86962,18.06175,none,flood,1.0
Congo,Likouala,1.86962,18.064,none,flood,1.0
Congo,Likouala,1.86737,18.06175,none,flood,1.0
Congo,Likouala,1.86737,18.064,none,flood,1.0
Congo,Likouala,1.86513,18.05501,none,flood,1.0
Congo,Likouala,1.86513,18.06175,none,flood,1.0
Congo,Likouala,1.86513,18.064,none,flood,1.0
Congo,Likouala,1.86288,18.05501,none,flood,1.0
Congo,Likouala,1.86288,18.05726,none,flood,1.0
Congo,Likouala,1.86288,18.064,none,flood,1.0
Congo,Likouala,1.86064,18.05277,none,flood,1.0
Congo,Likouala,1.86064,18.05501,none,flood,1.0
Congo,Likouala,1.86064,18.05726,none,flood,1.0
Congo,Likouala,1.86064,18.064,none,flood,1.0
Congo,Likouala,1.85839,18.05052,none,flood,1.0
Congo,Likouala,1.85839,18.05277,none,flood,1.0
Congo,Likouala,1.85839,18.05501,none,flood,1.0
Congo,Likouala,1.85614,18.04828,none,flood,1.0
Congo,Likouala,1.85614,18.05052,none,flood,1.0
Congo,Likouala,1.85614,18.05501,none,flood,1.0
Congo,Likouala,1.8539,18.04828,none,flood,1.0
Congo,Likouala,1.8539,18.05052,none,flood,1.0
Congo,Likouala,1.84941,18.05052,none,flood,1.0
Congo,Likouala,1.84716,18.05052,none,flood,1.0
Congo,Likouala,1.84492,18.05052,none,flood,1.0
Congo,Likouala,1.84492,18.05277,none,flood,1.0
Congo,Likouala,1.84492,18.05726,none,flood,1.0
Congo,Likouala,1.83144,18.05501,none,flood,1.0
Congo,Likouala,1.82919,18.05501,none,flood,1.0
Congo,Likouala,1.82246,18.05501,none,flood,1.0
Congo,Likouala,1.82021,18.05501,none,flood,1.0
Congo,Likouala,1.81797,18.05501,none,flood,1.0
Congo,Likouala,1.81572,18.05501,none,flood,1.0
Congo,Likouala,1.81347,18.05726,none,flood,1.0
Congo,Likouala,1.81123,18.05726,none,flood,1.0
Congo,Likouala,1.80898,18.05726,none,flood,1.0
Congo,Likouala,1.80898,18.05951,none,flood,1.0
Congo,Likouala,1.80674,18.05726,none,flood,1.0
Congo,Likouala,1.80674,18.05951,none,flood,1.0
Congo,Likouala,1.80449,18.05726,none,flood,1.0
Congo,Likouala,1.80449,18.06175,none,flood,1.0
Congo,Likouala,1.79775,18.05501,none,flood,1.0
Congo,Likouala,1.79775,18.05726,none,flood,1.0
Congo,Likouala,1.79551,18.05501,none,flood,1.0
Congo,Likouala,1.79551,18.05726,none,flood,1.0
Congo,Likouala,1.79551,18.05951,none,flood,1.0
Congo,Likouala,1.79326,18.05726,none,flood,1.0
Congo,Likouala,1.79326,18.05951,none,flood,1.0
Congo,Likouala,1.79326,18.06175,none,flood,1.0
Congo,Likouala,1.79326,18.064,none,flood,1.0
Congo,Likouala,1.79102,18.05726,none,flood,1.0
Congo,Likouala,1.79102,18.05951,none,flood,1.0
Congo,Likouala,1.79102,18.06175,none,flood,1.0
Congo,Likouala,1.79102,18.064,none,flood,1.0
Congo,Likouala,1.78877,18.05951,none,flood,1.0
Congo,Likouala,1.78877,18.06175,none,flood,1.0
Congo,Likouala,1.78877,18.064,none,flood,1.0
Congo,Likouala,1.78877,18.06624,none,flood,1.0
Congo,Likouala,1.78652,18.05726,none,flood,1.0
Congo,Likouala,1.78652,18.05951,none,flood,1.0
Congo,Likouala,1.78652,18.06175,none,flood,1.0
Congo,Likouala,1.78652,18.064,none,flood,1.0
Congo,Likouala,1.78652,18.06624,none,flood,1.0
Congo,Likouala,1.78428,18.06175,none,flood,1.0
Congo,Likouala,1.78428,18.064,none,flood,1.0
Congo,Likouala,1.78428,18.06624,none,flood,1.0
Congo,Likouala,1.78203,18.05726,none,flood,1.0
Congo,Likouala,1.78203,18.05951,none,flood,1.0
Congo,Likouala,1.78203,18.06175,none,flood,1.0
Congo,Likouala,1.78203,18.064,none,flood,1.0
Congo,Likouala,1.78203,18.06624,none,flood,1.0
Congo,Likouala,1.77979,18.05951,none,flood,1.0
Congo,Likouala,1.77754,18.06624,none,flood,1.0
Congo,Likouala,1.7753,18.06175,none,flood,1.0
Congo,Likouala,1.7753,18.06624,none,flood,1.0
Congo,Likouala,1.77305,18.06175,none,flood,1.0
Congo,Likouala,1.77305,18.06624,none,flood,1.0
Congo,Likouala,1.7708,18.064,none,flood,1.0
Congo,Likouala,1.7708,18.06624,none,flood,1.0
Congo,Likouala,1.76856,18.064,none,flood,1.0
Congo,Likouala,1.76856,18.06624,none,flood,1.0
Congo,Likouala,1.76631,18.06175,none,flood,1.0
Congo,Likouala,1.76631,18.064,none,flood,1.0
Congo,Likouala,1.76407,18.06175,none,flood,1.0
Congo,Likouala,1.76407,18.064,none,flood,1.0
Congo,Likouala,1.76407,18.06624,none,flood,1.0
Congo,Likouala,1.75958,18.06175,none,flood,1.0
Congo,Likouala,1.75958,18.064,none,flood,1.0
Congo,Likouala,1.75733,18.06175,none,flood,1.0
Congo,Likouala,1.75733,18.064,none,flood,1.0
Congo,Likouala,1.75508,18.06175,none,flood,1.0
Congo,Likouala,1.75508,18.064,none,flood,1.0
Congo,Likouala,1.75284,18.06175,none,flood,1.0
Congo,Likouala,1.75284,18.064,none,flood,1.0
Congo,Likouala,1.75059,18.06175,none,flood,1.0
Congo,Likouala,1.75059,18.064,none,flood,1.0
Congo,Likouala,1.74835,18.064,none,flood,1.0
Congo,Likouala,1.73712,18.064,none,flood,1.0
Congo,Likouala,1.73487,18.064,none,flood,1.0
Congo,Likouala,1.73038,18.06624,none,flood,1.0
Congo,Likouala,1.72813,18.06624,none,flood,1.0
Congo,Likouala,1.72589,18.06624,none,flood,1.0
Congo,Likouala,1.72364,18.06849,none,flood,1.0
Congo,Likouala,1.7214,18.06849,none,flood,1.0
Congo,Likouala,1.71915,18.06849,none,flood,1.0
Congo,Likouala,1.70792,18.06849,none,flood,1.0
Congo,Likouala,1.70343,18.06849,none,flood,1.0
Congo,Likouala,1.70118,18.06849,none,flood,1.0
Congo,Likouala,1.69894,18.06849,none,flood,1.0
Congo,Likouala,1.69669,18.06849,none,flood,1.0
Congo,Likouala,1.69445,18.06624,none,flood,1.0
Congo,Likouala,1.69445,18.06849,none,flood,1.0
Congo,Likouala,1.6922,18.06849,none,flood,1.0
Congo,Likouala,1.67199,18.06849,none,flood,1.0
Congo,Likouala,1.6675,18.06849,none,flood,1.0
Congo,Likouala,1.64953,18.064,none,flood,1.0
Congo,Likouala,1.63606,18.06175,none,flood,1.0
Congo,Likouala,1.63606,18.064,none,flood,1.0
Congo,Likouala,1.63381,18.06175,none,flood,1.0
Congo,Likouala,1.63381,18.064,none,flood,1.0
Congo,Likouala,1.63157,18.06175,none,flood,1.0
Congo,Likouala,1.63157,18.064,none,flood,1.0
Congo,Likouala,1.62258,18.06624,none,flood,1.0
Congo,Likouala,1.62258,18.07073,none,flood,1.0
Congo,Likouala,1.62034,18.06624,none,flood,1.0
Congo,Likouala,1.62034,18.06849,none,flood,1.0
Congo,Likouala,1.62034,18.07073,none,flood,1.0
Congo,Likouala,1.61584,18.07073,none,flood,1.0
Congo,Likouala,1.61135,18.06849,none,flood,1.0
Congo,Likouala,1.60237,18.064,none,flood,1.0
Congo,Likouala,1.60237,18.06624,none,flood,1.0
Congo,Likouala,1.60012,18.064,none,flood,1.0
Congo,Likouala,1.59788,18.064,none,flood,1.0
Congo,Likouala,1.59563,18.064,none,flood,1.0
Congo,Likouala,1.59563,18.06624,none,flood,1.0
Congo,Likouala,1.59339,18.064,none,flood,1.0
Congo,Likouala,1.59339,18.06624,none,flood,1.0
Congo,Likouala,1.59339,18.06849,none,flood,1.0
Congo,Likouala,1.59339,18.07073,none,flood,1.0
Congo,Likouala,1.59114,18.064,none,flood,1.0
Congo,Likouala,1.59114,18.06849,none,flood,1.0
Congo,Likouala,1.5889,18.06624,none,flood,1.0
Congo,Likouala,1.5889,18.06849,none,flood,1.0
Congo,Likouala,1.5889,18.07073,none,flood,1.0
Congo,Likouala,1.5889,18.07298,none,flood,1.0
Congo,Likouala,1.58665,18.06624,none,flood,1.0
Congo,Likouala,1.58665,18.06849,none,flood,1.0
Congo,Likouala,1.58665,18.07073,none,flood,1.0
Congo,Likouala,1.58665,18.07298,none,flood,1.0
Congo,Likouala,1.5844,18.06624,none,flood,1.0
Congo,Likouala,1.5844,18.06849,none,flood,1.0
Congo,Likouala,1.5844,18.07073,none,flood,1.0
Congo,Likouala,1.5844,18.07298,none,flood,1.0
Congo,Likouala,1.58216,18.06624,none,flood,1.0
Congo,Likouala,1.58216,18.06849,none,flood,1.0
Congo,Likouala,1.58216,18.07073,none,flood,1.0
Congo,Likouala,1.58216,18.07298,none,flood,1.0
Congo,Likouala,1.57991,18.06624,none,flood,1.0
Congo,Likouala,1.57991,18.06849,none,flood,1.0
Congo,Likouala,1.57767,18.06175,none,flood,1.0
Congo,Likouala,1.57767,18.06624,none,flood,1.0
Congo,Likouala,1.57542,18.06175,none,flood,1.0
Congo,Likouala,1.57542,18.064,none,flood,1.0
Congo,Likouala,1.57542,18.06624,none,flood,1.0
Congo,Likouala,1.57317,18.064,none,flood,1.0
Congo,Likouala,1.57093,18.064,none,flood,1.0
Congo,Likouala,1.56868,18.06624,none,flood,1.0
Congo,Likouala,1.56644,18.06624,none,flood,1.0
Congo,Likouala,1.56419,18.06624,none,flood,1.0
Congo,Likouala,1.56419,18.06849,none,flood,1.0
Congo,Likouala,1.56195,18.06849,none,flood,1.0
Congo,Likouala,1.5597,18.064,none,flood,1.0
Congo,Likouala,1.5597,18.06624,none,flood,1.0
Congo,Likouala,1.5597,18.06849,none,flood,1.0
Congo,Likouala,1.55521,18.064,none,flood,1.0
Congo,Likouala,1.55296,18.06175,none,flood,1.0
Congo,Likouala,1.55296,18.064,none,flood,1.0
Congo,Likouala,1.55072,18.06175,none,flood,1.0
Congo,Likouala,1.55072,18.064,none,flood,1.0
Congo,Likouala,1.55072,18.06624,none,flood,1.0
Congo,Likouala,1.55072,18.06849,none,flood,1.0
Congo,Likouala,1.54847,18.06175,none,flood,1.0
Congo,Likouala,1.54847,18.064,none,flood,1.0
Congo,Likouala,1.54847,18.06624,none,flood,1.0
Congo,Likouala,1.54847,18.06849,none,flood,1.0
Congo,Likouala,1.54623,18.05726,none,flood,1.0
Congo,Likouala,1.54623,18.05951,none,flood,1.0
Congo,Likouala,1.54623,18.06175,none,flood,1.0
Congo,Likouala,1.54623,18.064,none,flood,1.0
Congo,Likouala,1.54623,18.06624,none,flood,1.0
Congo,Likouala,1.54623,18.06849,none,flood,1.0
Congo,Likouala,1.54398,18.05726,none,flood,1.0
Congo,Likouala,1.54398,18.05951,none,flood,1.0
Congo,Likouala,1.54398,18.06175,none,flood,1.0
Congo,Likouala,1.54398,18.064,none,flood,1.0
Congo,Likouala,1.54398,18.06624,none,flood,1.0
Congo,Likouala,1.54173,18.05726,none,flood,1.0
Congo,Likouala,1.54173,18.05951,none,flood,1.0
Congo,Likouala,1.54173,18.06175,none,flood,1.0
Congo,Likouala,1.54173,18.064,none,flood,1.0
Congo,Likouala,1.54173,18.06624,none,flood,1.0
Congo,Likouala,1.53949,18.05726,none,flood,1.0
Congo,Likouala,1.53949,18.05951,none,flood,1.0
Congo,Likouala,1.53949,18.06175,none,flood,1.0
Congo,Likouala,1.53949,18.064,none,flood,1.0
Congo,Likouala,1.53724,18.064,none,flood,1.0
Congo,Likouala,1.51029,18.04603,none,flood,1.0
Congo,Likouala,1.50805,18.04379,none,flood,1.0
Congo,Likouala,1.50805,18.04603,none,flood,1.0
Congo,Likouala,1.5058,18.04379,none,flood,1.0
Congo,Likouala,1.50356,18.04379,none,flood,1.0
Congo,Likouala,1.50356,18.04828,none,flood,1.0
Congo,Likouala,1.50131,18.04379,none,flood,1.0
Congo,Likouala,1.50131,18.04603,none,flood,1.0
Congo,Likouala,1.50131,18.04828,none,flood,1.0
Congo,Likouala,1.49906,18.04379,none,flood,1.0
Congo,Likouala,1.49906,18.04603,none,flood,1.0
Congo,Likouala,1.49682,18.04154,none,flood,1.0
Congo,Likouala,1.49682,18.04379,none,flood,1.0
Congo,Likouala,1.49682,18.04603,none,flood,1.0
Congo,Likouala,1.49233,18.04154,none,flood,1.0
Congo,Likouala,1.49233,18.04379,none,flood,1.0
Congo,Likouala,1.49008,18.03705,none,flood,1.0
Congo,Likouala,1.49008,18.03929,none,flood,1.0
Congo,Likouala,1.49008,18.04154,none,flood,1.0
Congo,Likouala,1.48783,18.03705,none,flood,1.0
Congo,Likouala,1.48783,18.03929,none,flood,1.0
Congo,Likouala,1.48783,18.04154,none,flood,1.0
Congo,Likouala,1.48559,18.0348,none,flood,1.0
Congo,Likouala,1.48559,18.03929,none,flood,1.0
Congo,Likouala,1.48334,18.03256,none,flood,1.0
Congo,Likouala,1.48334,18.0348,none,flood,1.0
Congo,Likouala,1.4811,18.03031,none,flood,1.0
Congo,Likouala,1.4811,18.03256,none,flood,1.0
Congo,Likouala,1.47885,18.03031,none,flood,1.0
Congo,Likouala,1.47885,18.03256,none,flood,1.0
Congo,Likouala,1.47661,18.02806,none,flood,1.0
Congo,Likouala,1.47661,18.03031,none,flood,1.0
Congo,Likouala,1.47436,18.02582,none,flood,1.0
Congo,Likouala,1.47436,18.02806,none,flood,1.0
Congo,Likouala,1.47436,18.03031,none,flood,1.0
Congo,Likouala,1.47436,18.03256,none,flood,1.0
Congo,Likouala,1.47211,18.02357,none,flood,1.0
Congo,Likouala,1.47211,18.02582,none,flood,1.0
Congo,Likouala,1.47211,18.02806,none,flood,1.0
Congo,Likouala,1.47211,18.03031,none,flood,1.0
Congo,Likouala,1.47211,18.03256,none,flood,1.0
Congo,Likouala,1.46987,18.02133,none,flood,1.0
Congo,Likouala,1.46987,18.02357,none,flood,1.0
Congo,Likouala,1.46987,18.02582,none,flood,1.0
Congo,Likouala,1.46987,18.02806,none,flood,1.0
Congo,Likouala,1.46987,18.03031,none,flood,1.0
Congo,Likouala,1.46762,18.01908,none,flood,1.0
Congo,Likouala,1.46762,18.02133,none,flood,1.0
Congo,Likouala,1.46762,18.02357,none,flood,1.0
Congo,Likouala,1.46762,18.02582,none,flood,1.0
Congo,Likouala,1.46762,18.02806,none,flood,1.0
Congo,Likouala,1.46538,18.01908,none,flood,1.0
Congo,Likouala,1.46538,18.02133,none,flood,1.0
Congo,Likouala,1.46538,18.02357,none,flood,1.0
Congo,Likouala,1.46538,18.02582,none,flood,1.0
Congo,Likouala,1.46313,18.01684,none,flood,1.0
Congo,Likouala,1.46313,18.01908,none,flood,1.0
Congo,Likouala,1.46313,18.02133,none,flood,1.0
Congo,Likouala,1.46313,18.02357,none,flood,1.0
Congo,Likouala,1.46313,18.02582,none,flood,1.0
Congo,Likouala,1.46089,18.01908,none,flood,1.0
Congo,Likouala,1.46089,18.02133,none,flood,1.0
Congo,Likouala,1.46089,18.02357,none,flood,1.0
Congo,Likouala,1.46089,18.02582,none,flood,1.0
Congo,Likouala,1.46089,18.02806,none,flood,1.0
Congo,Likouala,1.45864,18.01908,none,flood,1.0
Congo,Likouala,1.45864,18.02133,none,flood,1.0
Congo,Likouala,1.45864,18.02357,none,flood,1.0
Congo,Likouala,1.45864,18.02582,none,flood,1.0
Congo,Likouala,1.45864,18.02806,none,flood,1.0
Congo,Likouala,1.45639,18.01908,none,flood,1.0
Congo,Likouala,1.45639,18.02133,none,flood,1.0
Congo,Likouala,1.45639,18.02357,none,flood,1.0
Congo,Likouala,1.45415,18.01459,none,flood,1.0
Congo,Likouala,1.45415,18.02357,none,flood,1.0
Congo,Likouala,1.45415,18.02582,none,flood,1.0
Congo,Likouala,1.4519,18.01459,none,flood,1.0
Congo,Likouala,1.44966,18.01459,none,flood,1.0
Congo,Likouala,1.44741,18.01459,none,flood,1.0
Congo,Likouala,1.44516,18.01234,none,flood,1.0
Congo,Likouala,1.44292,18.01234,none,flood,1.0
Congo,Likouala,1.44067,18.0101,none,flood,1.0
Congo,Likouala,1.44067,18.01234,none,flood,1.0
Congo,Likouala,1.43843,18.00785,none,flood,1.0
Congo,Likouala,1.43843,18.0101,none,flood,1.0
Congo,Likouala,1.43843,18.01234,none,flood,1.0
Congo,Likouala,1.43618,18.00785,none,flood,1.0
Congo,Likouala,1.43618,18.0101,none,flood,1.0
Congo,Likouala,1.43394,18.00785,none,flood,1.0
Congo,Likouala,1.42495,18.0101,none,flood,1.0
Congo,Likouala,1.40699,17.99438,none,flood,1.0
Congo,Likouala,1.40249,17.99213,none,flood,1.0
Congo,Likouala,1.40025,17.98989,none,flood,1.0
Congo,Likouala,1.40025,17.99213,none,flood,1.0
Congo,Likouala,1.398,17.98989,none,flood,1.0
Congo,Likouala,1.398,17.99213,none,flood,1.0
Congo,Likouala,1.39351,17.98989,none,flood,1.0
Congo,Likouala,1.38902,17.98315,none,flood,1.0
Congo,Likouala,1.38902,17.98539,none,flood,1.0
Congo,Likouala,1.38902,17.98764,none,flood,1.0
Congo,Likouala,1.38677,17.98315,none,flood,1.0
Congo,Likouala,1.38677,17.98539,none,flood,1.0
Congo,Likouala,1.38677,17.98764,none,flood,1.0
Congo,Likouala,1.38453,17.98539,none,flood,1.0
Congo,Likouala,1.38228,17.97641,none,flood,1.0
Congo,Likouala,1.38228,17.97866,none,flood,1.0
Congo,Likouala,1.38004,17.97641,none,flood,1.0
Congo,Likouala,1.37105,17.98315,none,flood,1.0
Congo,Likouala,1.36881,17.96967,none,flood,1.0
Congo,Likouala,1.36656,17.97866,none,flood,1.0
Congo,Likouala,1.36656,17.9809,none,flood,1.0
Congo,Likouala,1.36432,17.96518,none,flood,1.0
Congo,Likouala,1.36432,17.97641,none,flood,1.0
Congo,Likouala,1.36432,17.97866,none,flood,1.0
Congo,Likouala,1.36207,17.97641,none,flood,1.0
Congo,Likouala,1.36207,17.97866,none,flood,1.0
Congo,Likouala,1.35758,17.96069,none,flood,1.0
Congo,Likouala,1.35758,17.96294,none,flood,1.0
Congo,Likouala,1.35758,17.97417,none,flood,1.0
Congo,Likouala,1.35533,17.95845,none,flood,1.0
Congo,Likouala,1.35533,17.96069,none,flood,1.0
Congo,Likouala,1.35533,17.96294,none,flood,1.0
Congo,Likouala,1.35533,17.97192,none,flood,1.0
Congo,Likouala,1.35533,17.97417,none,flood,1.0
Congo,Likouala,1.35309,17.95845,none,flood,1.0
Congo,Likouala,1.35309,17.97192,none,flood,1.0
Congo,Likouala,1.35084,17.9562,none,flood,1.0
Congo,Likouala,1.35084,17.95845,none,flood,1.0
Congo,Likouala,1.3486,17.9562,none,flood,1.0
Congo,Likouala,1.3486,17.96967,none,flood,1.0
Congo,Likouala,1.34635,17.9562,none,flood,1.0
Congo,Likouala,1.34635,17.96967,none,flood,1.0
Congo,Likouala,1.33737,17.95395,none,flood,1.0
Congo,Likouala,1.33512,17.95395,none,flood,1.0
Congo,Likouala,1.33512,17.96069,none,flood,1.0
Congo,Likouala,1.33288,17.95395,none,flood,1.0
Congo,Likouala,1.33288,17.9562,none,flood,1.0
Congo,Likouala,1.33288,17.95845,none,flood,1.0
Congo,Likouala,1.33063,17.95171,none,flood,1.0
Congo,Likouala,1.33063,17.95395,none,flood,1.0
Congo,Likouala,1.33063,17.9562,none,flood,1.0
Congo,Likouala,1.33063,17.95845,none,flood,1.0
Congo,Likouala,1.33063,17.96518,none,flood,1.0
Congo,Likouala,1.32838,17.95171,none,flood,1.0
Congo,Likouala,1.32838,17.95395,none,flood,1.0
Congo,Likouala,1.32838,17.9562,none,flood,1.0
Congo,Likouala,1.32838,17.95845,none,flood,1.0
Congo,Likouala,1.32838,17.96069,none,flood,1.0
Congo,Likouala,1.32614,17.94946,none,flood,1.0
Congo,Likouala,1.32614,17.95171,none,flood,1.0
Congo,Likouala,1.32614,17.95395,none,flood,1.0
Congo,Likouala,1.32614,17.9562,none,flood,1.0
Congo,Likouala,1.32389,17.94946,none,flood,1.0
Congo,Likouala,1.32389,17.95171,none,flood,1.0
Congo,Likouala,1.32389,17.96069,none,flood,1.0
Congo,Likouala,1.32165,17.94946,none,flood,1.0
Congo,Likouala,1.32165,17.95171,none,flood,1.0
Congo,Likouala,1.32165,17.95845,none,flood,1.0
Congo,Likouala,1.3194,17.94946,none,flood,1.0
Congo,Likouala,1.3194,17.9562,none,flood,1.0
Congo,Likouala,1.31715,17.94946,none,flood,1.0
Congo,Likouala,1.31715,17.9562,none,flood,1.0
Congo,Likouala,1.31491,17.9562,none,flood,1.0
Congo,Likouala,1.30368,17.94722,none,flood,1.0
Congo,Likouala,1.30368,17.94946,none,flood,1.0
Congo,Likouala,1.30368,17.95171,none,flood,1.0
Congo,Likouala,1.30368,17.95395,none,flood,1.0
Congo,Likouala,1.30143,17.94946,none,flood,1.0
Congo,Likouala,1.2947,17.95171,none,flood,1.0
Congo,Likouala,1.2947,17.9562,none,flood,1.0
Congo,Likouala,1.29245,17.95395,none,flood,1.0
Congo,Likouala,1.29245,17.9562,none,flood,1.0
Congo,Likouala,1.29021,17.95395,none,flood,1.0
Congo,Likouala,1.28796,17.94272,none,flood,1.0
Congo,Likouala,1.28796,17.95395,none,flood,1.0
Congo,Likouala,1.28571,17.94272,none,flood,1.0
Congo,Likouala,1.28571,17.95395,none,flood,1.0
Congo,Likouala,1.28347,17.94272,none,flood,1.0
Congo,Likouala,1.28347,17.94946,none,flood,1.0
Congo,Likouala,1.28122,17.94497,none,flood,1.0
Congo,Likouala,1.27673,17.94272,none,flood,1.0
Congo,Likouala,1.27448,17.94497,none,flood,1.0
Congo,Likouala,1.27224,17.94272,none,flood,1.0
Congo,Likouala,1.27224,17.94497,none,flood,1.0
Congo,Likouala,1.27224,17.94722,none,flood,1.0
Congo,Likouala,1.26999,17.94048,none,flood,1.0
Congo,Likouala,1.26999,17.94272,none,flood,1.0
Congo,Likouala,1.26999,17.94497,none,flood,1.0
Congo,Likouala,1.26999,17.94722,none,flood,1.0
Congo,Likouala,1.26775,17.94048,none,flood,1.0
Congo,Likouala,1.26775,17.94272,none,flood,1.0
Congo,Likouala,1.26775,17.94497,none,flood,1.0
Congo,Likouala,1.26775,17.94722,none,flood,1.0
Congo,Likouala,1.2655,17.94048,none,flood,1.0
Congo,Likouala,1.26326,17.94048,none,flood,1.0
Congo,Likouala,1.26326,17.94272,none,flood,1.0
Congo,Likouala,1.26326,17.94497,none,flood,1.0
Congo,Likouala,1.26326,17.94722,none,flood,1.0
Congo,Likouala,1.26326,17.94946,none,flood,1.0
Congo,Likouala,1.26101,17.94497,none,flood,1.0
Congo,Likouala,1.26101,17.94722,none,flood,1.0
Congo,Likouala,1.26101,17.94946,none,flood,1.0
Congo,Likouala,1.25876,17.94497,none,flood,1.0
Congo,Likouala,1.25876,17.94722,none,flood,1.0
Congo,Likouala,1.25876,17.94946,none,flood,1.0
Congo,Likouala,1.25652,17.94497,none,flood,1.0
Congo,Likouala,1.25652,17.94722,none,flood,1.0
Congo,Likouala,1.25427,17.94048,none,flood,1.0
Congo,Likouala,1.25427,17.94272,none,flood,1.0
Congo,Likouala,1.25427,17.94497,none,flood,1.0
Congo,Likouala,1.25427,17.94722,none,flood,1.0
Congo,Likouala,1.25203,17.94048,none,flood,1.0
Congo,Likouala,1.25203,17.94272,none,flood,1.0
Congo,Likouala,1.25203,17.94497,none,flood,1.0
Congo,Likouala,1.25203,17.94722,none,flood,1.0
Congo,Likouala,1.24978,17.94497,none,flood,1.0
Congo,Likouala,1.24978,17.94722,none,flood,1.0
Congo,Likouala,1.24754,17.94272,none,flood,1.0
Congo,Likouala,1.24754,17.94722,none,flood,1.0
Congo,Likouala,1.24529,17.94272,none,flood,1.0
Congo,Likouala,1.24529,17.94497,none,flood,1.0
Congo,Likouala,1.24304,17.94497,none,flood,1.0
Congo,Likouala,1.23855,17.93823,none,flood,1.0
Congo,Likouala,1.23631,17.93823,none,flood,1.0
Congo,Likouala,1.23631,17.94048,none,flood,1.0
Congo,Likouala,1.23406,17.93823,none,flood,1.0
Congo,Likouala,1.23406,17.94048,none,flood,1.0
Congo,Likouala,1.23406,17.94497,none,flood,1.0
Congo,Likouala,1.23181,17.93599,none,flood,1.0
Congo,Likouala,1.23181,17.93823,none,flood,1.0
Congo,Likouala,1.23181,17.94048,none,flood,1.0
Congo,Likouala,1.22957,17.93599,none,flood,1.0
Congo,Likouala,1.22957,17.93823,none,flood,1.0
Congo,Likouala,1.22957,17.94048,none,flood,1.0
Congo,Likouala,1.22957,17.94272,none,flood,1.0
Congo,Likouala,1.22957,17.94497,none,flood,1.0
Congo,Likouala,1.22732,17.93599,none,flood,1.0
Congo,Likouala,1.22732,17.93823,none,flood,1.0
Congo,Likouala,1.22732,17.94048,none,flood,1.0
Congo,Likouala,1.22732,17.94272,none,flood,1.0
Congo,Likouala,1.22732,17.94497,none,flood,1.0
Congo,Likouala,1.22508,17.93823,none,flood,1.0
Congo,Likouala,1.22508,17.94048,none,flood,1.0
Congo,Likouala,1.22508,17.94272,none,flood,1.0
Congo,Likouala,1.22283,17.93599,none,flood,1.0
Congo,Likouala,1.22283,17.93823,none,flood,1.0
Congo,Likouala,1.22283,17.94048,none,flood,1.0
Congo,Likouala,1.22059,17.93374,none,flood,1.0
Congo,Likouala,1.22059,17.93599,none,flood,1.0
Congo,Likouala,1.21834,17.93374,none,flood,1.0
Congo,Likouala,1.20037,17.927,none,flood,1.0
Congo,Likouala,1.19813,17.927,none,flood,1.0
Congo,Likouala,1.19139,17.92476,none,flood,1.0
Congo,Likouala,1.18914,17.92476,none,flood,1.0
Congo,Likouala,1.18465,17.92251,none,flood,1.0
Congo,Likouala,1.18241,17.92251,none,flood,1.0
Congo,Likouala,1.18016,17.92251,none,flood,1.0
Congo,Likouala,1.17567,17.92251,none,flood,1.0
Congo,Likouala,1.16893,17.92027,none,flood,1.0
Congo,Likouala,1.16669,17.92027,none,flood,1.0
Congo,Likouala,1.16444,17.91802,none,flood,1.0
Congo,Likouala,1.16444,17.92027,none,flood,1.0
Congo,Likouala,1.1622,17.91802,none,flood,1.0
Congo,Likouala,1.1622,17.92027,none,flood,1.0
Congo,Likouala,1.15995,17.91802,none,flood,1.0
Congo,Likouala,1.15995,17.92027,none,flood,1.0
Congo,Likouala,1.1577,17.91578,none,flood,1.0
Congo,Likouala,1.1577,17.91802,none,flood,1.0
Congo,Likouala,1.1577,17.92027,none,flood,1.0
Congo,Likouala,1.15546,17.91353,none,flood,1.0
Congo,Likouala,1.15546,17.91802,none,flood,1.0
Congo,Likouala,1.15546,17.92027,none,flood,1.0
Congo,Likouala,1.15321,17.91353,none,flood,1.0
Congo,Likouala,1.15321,17.91578,none,flood,1.0
Congo,Likouala,1.15321,17.91802,none,flood,1.0
Congo,Likouala,1.15321,17.92027,none,flood,1.0
Congo,Likouala,1.15097,17.91353,none,flood,1.0
Congo,Likouala,1.15097,17.91578,none,flood,1.0
Congo,Likouala,1.15097,17.91802,none,flood,1.0
Congo,Likouala,1.14872,17.91128,none,flood,1.0
Congo,Likouala,1.14872,17.91353,none,flood,1.0
Congo,Likouala,1.14872,17.91578,none,flood,1.0
Congo,Likouala,1.14872,17.91802,none,flood,1.0
Congo,Likouala,1.14647,17.91578,none,flood,1.0
Congo,Likouala,1.14423,17.90904,none,flood,1.0
Congo,Likouala,1.12851,17.89781,none,flood,1.0
Congo,Likouala,1.12851,17.90005,none,flood,1.0
Congo,Likouala,1.12851,17.9023,none,flood,1.0
Congo,Likouala,1.12626,17.89556,none,flood,1.0
Congo,Likouala,1.12626,17.89781,none,flood,1.0
Congo,Likouala,1.12626,17.90005,none,flood,1.0
Congo,Likouala,1.12402,17.89556,none,flood,1.0
Congo,Likouala,1.12177,17.89332,none,flood,1.0
Congo,Likouala,1.11953,17.89332,none,flood,1.0
Congo,Likouala,1.11503,17.88883,none,flood,1.0
Congo,Likouala,1.11279,17.88883,none,flood,1.0
Congo,Likouala,1.11054,17.88883,none,flood,1.0
Congo,Likouala,1.1083,17.88658,none,flood,1.0
Congo,Likouala,1.1083,17.88883,none,flood,1.0
Congo,Likouala,1.1083,17.89107,none,flood,1.0
Congo,Likouala,1.10605,17.88433,none,flood,1.0
Congo,Likouala,1.10605,17.88658,none,flood,1.0
Congo,Likouala,1.10605,17.88883,none,flood,1.0
Congo,Likouala,1.1038,17.88433,none,flood,1.0
Congo,Likouala,1.1038,17.88883,none,flood,1.0
Congo,Likouala,1.10156,17.88433,none,flood,1.0
Congo,Likouala,1.09931,17.88658,none,flood,1.0
Congo,Likouala,1.09033,17.87086,none,flood,1.0
Congo,Likouala,1.08808,17.8776,none,flood,1.0
Congo,Likouala,1.08584,17.87535,none,flood,1.0
Congo,Likouala,1.0791,17.86637,none,flood,1.0
Congo,Likouala,1.0791,17.87535,none,flood,1.0
Congo,Likouala,1.07686,17.86412,none,flood,1.0
Congo,Likouala,1.07686,17.86637,none,flood,1.0
Congo,Likouala,1.07686,17.87311,none,flood,1.0
Congo,Likouala,1.07686,17.87535,none,flood,1.0
Congo,Likouala,1.07461,17.86188,none,flood,1.0
Congo,Likouala,1.07461,17.86412,none,flood,1.0
Congo,Likouala,1.07461,17.87311,none,flood,1.0
Congo,Likouala,1.07236,17.86188,none,flood,1.0
Congo,Likouala,1.07012,17.85963,none,flood,1.0
Congo,Likouala,1.06787,17.85738,none,flood,1.0
Congo,Likouala,1.06563,17.85514,none,flood,1.0
Congo,Likouala,1.06338,17.85514,none,flood,1.0
Congo,Likouala,1.06113,17.85289,none,flood,1.0
Congo,Likouala,1.06113,17.85514,none,flood,1.0
Congo,Likouala,1.05889,17.85289,none,flood,1.0
Congo,Likouala,1.05664,17.8484,none,flood,1.0
Congo,Likouala,1.05664,17.85289,none,flood,1.0
Congo,Likouala,1.05664,17.85963,none,flood,1.0
Congo,Likouala,1.0544,17.8484,none,flood,1.0
Congo,Likouala,1.0544,17.85065,none,flood,1.0
Congo,Likouala,1.0544,17.85738,none,flood,1.0
Congo,Likouala,1.05215,17.8484,none,flood,1.0
Congo,Likouala,1.04991,17.84616,none,flood,1.0
Congo,Likouala,1.04991,17.8484,none,flood,1.0
Congo,Likouala,1.04766,17.84616,none,flood,1.0
Congo,Likouala,1.04541,17.84391,none,flood,1.0
Congo,Likouala,1.04317,17.84391,none,flood,1.0
Congo,Likouala,1.04317,17.84616,none,flood,1.0
Congo,Likouala,1.04092,17.84166,none,flood,1.0
Congo,Likouala,1.04092,17.84616,none,flood,1.0
Congo,Likouala,1.03868,17.83942,none,flood,1.0
Congo,Likouala,1.03868,17.84166,none,flood,1.0
Congo,Likouala,1.03868,17.84391,none,flood,1.0
Congo,Likouala,1.03643,17.84166,none,flood,1.0
Congo,Likouala,1.03643,17.8484,none,flood,1.0
Congo,Likouala,1.03419,17.83717,none,flood,1.0
Congo,Likouala,1.03419,17.83942,none,flood,1.0
Congo,Likouala,1.03194,17.83493,none,flood,1.0
Congo,Likouala,1.02969,17.83268,none,flood,1.0
Congo,Likouala,1.02969,17.83493,none,flood,1.0
Congo,Likouala,1.02969,17.83942,none,flood,1.0
Congo,Likouala,1.02969,17.84166,none,flood,1.0
Congo,Likouala,1.02745,17.83268,none,flood,1.0
Congo,Likouala,1.02745,17.83942,none,flood,1.0
Congo,Likouala,1.0252,17.83268,none,flood,1.0
Congo,Likouala,1.0252,17.83717,none,flood,1.0
Congo,Likouala,1.0252,17.83942,none,flood,1.0
Congo,Likouala,1.02296,17.83268,none,flood,1.0
Congo,Likouala,1.02296,17.83493,none,flood,1.0
Congo,Likouala,1.02296,17.83717,none,flood,1.0
Congo,Likouala,1.02296,17.83942,none,flood,1.0
Congo,Likouala,1.02071,17.83044,none,flood,1.0
Congo,Likouala,1.02071,17.83268,none,flood,1.0
Congo,Likouala,1.02071,17.83493,none,flood,1.0
Congo,Likouala,1.01846,17.82819,none,flood,1.0
Congo,Likouala,1.01846,17.83044,none,flood,1.0
Congo,Likouala,1.01846,17.83268,none,flood,1.0
Congo,Likouala,1.01622,17.82819,none,flood,1.0
Congo,Likouala,1.01622,17.83044,none,flood,1.0
Congo,Likouala,1.01622,17.83268,none,flood,1.0
Congo,Likouala,1.01397,17.82819,none,flood,1.0
Congo,Likouala,1.01397,17.83044,none,flood,1.0
Congo,Likouala,1.01173,17.83044,none,flood,1.0
Congo,Likouala,1.00948,17.82819,none,flood,1.0
Congo,Likouala,1.00948,17.83044,none,flood,1.0
Congo,Likouala,1.00724,17.82819,none,flood,1.0
Congo,Likouala,1.00724,17.83044,none,flood,1.0
Congo,Likouala,1.00499,17.83044,none,flood,1.0
Congo,Likouala,1.00274,17.83044,none,flood,1.0
Congo,Likouala,0.99825,17.83268,none,flood,1.0
Congo,Likouala,0.99601,17.83268,none,flood,1.0
Congo,Likouala,0.99376,17.83493,none,flood,1.0
Congo,Likouala,0.99152,17.83044,none,flood,1.0
Congo,Likouala,0.98927,17.83044,none,flood,1.0
Congo,Likouala,0.98927,17.83268,none,flood,1.0
Congo,Likouala,0.98702,17.83044,none,flood,1.0
Congo,Likouala,0.98702,17.83268,none,flood,1.0
Congo,Likouala,0.98702,17.83493,none,flood,1.0
Congo,Likouala,0.98478,17.82819,none,flood,1.0
Congo,Likouala,0.98478,17.83044,none,flood,1.0
Congo,Likouala,0.98478,17.83268,none,flood,1.0
Congo,Likouala,0.98253,17.82819,none,flood,1.0
Congo,Likouala,0.98253,17.83044,none,flood,1.0
Congo,Likouala,0.98029,17.82819,none,flood,1.0
Congo,Likouala,0.98029,17.83044,none,flood,1.0
Congo,Likouala,0.98029,17.83268,none,flood,1.0
Congo,Likouala,0.97804,17.82594,none,flood,1.0
Congo,Likouala,0.97804,17.82819,none,flood,1.0
Congo,Likouala,0.97804,17.83044,none,flood,1.0
Congo,Likouala,0.97579,17.82594,none,flood,1.0
Congo,Likouala,0.97579,17.82819,none,flood,1.0
Congo,Likouala,0.97579,17.83044,none,flood,1.0
Congo,Likouala,0.97355,17.8237,none,flood,1.0
Congo,Likouala,0.97355,17.82594,none,flood,1.0
Congo,Likouala,0.96906,17.82145,none,flood,1.0
Congo,Likouala,0.96681,17.82145,none,flood,1.0
Congo,Likouala,0.96457,17.82145,none,flood,1.0
Congo,Likouala,0.96457,17.83493,none,flood,1.0
Congo,Likouala,0.95109,17.82819,none,flood,1.0
Congo,Likouala,0.94885,17.82819,none,flood,1.0
Congo,Likouala,0.9466,17.83044,none,flood,1.0
Congo,Likouala,0.94435,17.83044,none,flood,1.0
Congo,Likouala,0.94435,17.83268,none,flood,1.0
Congo,Likouala,0.94211,17.83268,none,flood,1.0
Congo,Likouala,0.94211,17.83493,none,flood,1.0
Congo,Likouala,0.93986,17.83268,none,flood,1.0
Congo,Likouala,0.93986,17.83493,none,flood,1.0
Congo,Likouala,0.93762,17.83268,none,flood,1.0
Congo,Likouala,0.93762,17.83493,none,flood,1.0
Congo,Likouala,0.92639,17.83268,none,flood,1.0
Congo,Likouala,0.92639,17.83493,none,flood,1.0
Congo,Likouala,0.92639,17.83717,none,flood,1.0
Congo,Likouala,0.92414,17.83493,none,flood,1.0
Congo,Likouala,0.92414,17.83717,none,flood,1.0
Congo,Likouala,0.9219,17.83493,none,flood,1.0
Congo,Likouala,0.9219,17.83717,none,flood,1.0
Congo,Likouala,0.91965,17.83493,none,flood,1.0
Congo,Likouala,0.91965,17.83717,none,flood,1.0
Congo,Likouala,0.9174,17.83493,none,flood,1.0
Congo,Likouala,0.9174,17.83717,none,flood,1.0
Congo,Likouala,0.9174,17.83942,none,flood,1.0
Congo,Likouala,0.91516,17.83717,none,flood,1.0
Congo,Likouala,0.91516,17.83942,none,flood,1.0
Congo,Likouala,0.91291,17.83942,none,flood,1.0
Congo,Likouala,0.91067,17.83717,none,flood,1.0
Congo,Likouala,0.90842,17.83717,none,flood,1.0
Congo,Likouala,0.8927,17.85289,none,flood,1.0
Congo,Likouala,0.89046,17.84391,none,flood,1.0
Congo,Likouala,0.89046,17.85065,none,flood,1.0
Congo,Likouala,0.89046,17.85289,none,flood,1.0
Congo,Likouala,0.88821,17.85065,none,flood,1.0
Congo,Likouala,0.88821,17.85289,none,flood,1.0
Congo,Likouala,0.88821,17.85514,none,flood,1.0
Congo,Likouala,0.88596,17.85289,none,flood,1.0
Congo,Likouala,0.88596,17.85514,none,flood,1.0
Congo,Likouala,0.88596,17.85738,none,flood,1.0
Congo,Likouala,0.88372,17.84616,none,flood,1.0
Congo,Likouala,0.88372,17.85289,none,flood,1.0
Congo,Likouala,0.88372,17.85514,none,flood,1.0
Congo,Likouala,0.88147,17.8484,none,flood,1.0
Congo,Likouala,0.88147,17.85065,none,flood,1.0
Congo,Likouala,0.87923,17.8484,none,flood,1.0
Congo,Likouala,0.87923,17.85065,none,flood,1.0
Congo,Likouala,0.87923,17.85289,none,flood,1.0
Congo,Likouala,0.87698,17.85065,none,flood,1.0
Congo,Likouala,0.87698,17.85289,none,flood,1.0
Congo,Likouala,0.87698,17.85514,none,flood,1.0
Congo,Likouala,0.87473,17.85289,none,flood,1.0
Congo,Likouala,0.87473,17.85514,none,flood,1.0
Congo,Likouala,0.87473,17.85738,none,flood,1.0
Congo,Likouala,0.87473,17.85963,none,flood,1.0
Congo,Likouala,0.87249,17.85289,none,flood,1.0
Congo,Likouala,0.87249,17.85514,none,flood,1.0
Congo,Likouala,0.87249,17.85738,none,flood,1.0
Congo,Likouala,0.87249,17.85963,none,flood,1.0
Congo,Likouala,0.87249,17.86188,none,flood,1.0
Congo,Likouala,0.87249,17.86412,none,flood,1.0
Congo,Likouala,0.87249,17.86637,none,flood,1.0
Congo,Likouala,0.87024,17.85514,none,flood,1.0
Congo,Likouala,0.87024,17.85738,none,flood,1.0
Congo,Likouala,0.87024,17.85963,none,flood,1.0
Congo,Likouala,0.87024,17.86188,none,flood,1.0
Congo,Likouala,0.87024,17.86412,none,flood,1.0
Congo,Likouala,0.87024,17.86637,none,flood,1.0
Congo,Likouala,0.868,17.85514,none,flood,1.0
Congo,Likouala,0.868,17.85738,none,flood,1.0
Congo,Likouala,0.868,17.85963,none,flood,1.0
Congo,Likouala,0.868,17.86188,none,flood,1.0
Congo,Likouala,0.868,17.86412,none,flood,1.0
Congo,Likouala,0.86575,17.85738,none,flood,1.0
Congo,Likouala,0.86575,17.85963,none,flood,1.0
Congo,Likouala,0.86575,17.86188,none,flood,1.0
Congo,Likouala,0.86575,17.86412,none,flood,1.0
Congo,Likouala,0.86575,17.86637,none,flood,1.0
Congo,Likouala,0.86351,17.85738,none,flood,1.0
Congo,Likouala,0.86351,17.85963,none,flood,1.0
Congo,Likouala,0.86351,17.86188,none,flood,1.0
Congo,Likouala,0.86351,17.86412,none,flood,1.0
Congo,Likouala,0.86351,17.86637,none,flood,1.0
Congo,Likouala,0.86351,17.86861,none,flood,1.0
Congo,Likouala,0.86126,17.85963,none,flood,1.0
Congo,Likouala,0.86126,17.86188,none,flood,1.0
Congo,Likouala,0.86126,17.86412,none,flood,1.0
Congo,Likouala,0.86126,17.86637,none,flood,1.0
Congo,Likouala,0.86126,17.86861,none,flood,1.0
Congo,Likouala,0.85901,17.85963,none,flood,1.0
Congo,Likouala,0.85901,17.86188,none,flood,1.0
Congo,Likouala,0.85901,17.86412,none,flood,1.0
Congo,Likouala,0.85901,17.86637,none,flood,1.0
Congo,Likouala,0.85901,17.86861,none,flood,1.0
Congo,Likouala,0.85677,17.86412,none,flood,1.0
Congo,Likouala,0.85677,17.86637,none,flood,1.0
Congo,Likouala,0.85452,17.86637,none,flood,1.0
Congo,Likouala,0.85452,17.86861,none,flood,1.0
Congo,Likouala,0.85452,17.87086,none,flood,1.0
Congo,Likouala,0.85228,17.86861,none,flood,1.0
Congo,Likouala,0.85228,17.87086,none,flood,1.0
Congo,Likouala,0.85003,17.86637,none,flood,1.0
Congo,Likouala,0.85003,17.86861,none,flood,1.0
Congo,Likouala,0.85003,17.87086,none,flood,1.0
Congo,Likouala,0.85003,17.87311,none,flood,1.0
Congo,Likouala,0.84779,17.86412,none,flood,1.0
Congo,Likouala,0.84779,17.86637,none,flood,1.0
Congo,Likouala,0.84779,17.86861,none,flood,1.0
Congo,Likouala,0.84779,17.87086,none,flood,1.0
Congo,Likouala,0.84779,17.87311,none,flood,1.0
Congo,Likouala,0.84554,17.86637,none,flood,1.0
Congo,Likouala,0.84554,17.86861,none,flood,1.0
Congo,Likouala,0.84554,17.87086,none,flood,1.0
Congo,Likouala,0.84554,17.87311,none,flood,1.0
Congo,Likouala,0.84329,17.86637,none,flood,1.0
Congo,Likouala,0.84329,17.86861,none,flood,1.0
Congo,Likouala,0.84329,17.87086,none,flood,1.0
Congo,Likouala,0.84105,17.86637,none,flood,1.0
Congo,Likouala,0.84105,17.87086,none,flood,1.0
Congo,Likouala,0.84105,17.87984,none,flood,1.0
Congo,Likouala,0.8388,17.87086,none,flood,1.0
Congo,Likouala,0.8388,17.8776,none,flood,1.0
Congo,Likouala,0.83656,17.86861,none,flood,1.0
Congo,Likouala,0.83656,17.87086,none,flood,1.0
Congo,Likouala,0.83656,17.8776,none,flood,1.0
Congo,Likouala,0.83431,17.86861,none,flood,1.0
Congo,Likouala,0.83431,17.8776,none,flood,1.0
Congo,Likouala,0.83206,17.8776,none,flood,1.0
Congo,Likouala,0.82982,17.87086,none,flood,1.0
Congo,Likouala,0.82982,17.87984,none,flood,1.0
Congo,Likouala,0.82982,17.88209,none,flood,1.0
Congo,Likouala,0.82757,17.8776,none,flood,1.0
Congo,Likouala,0.82757,17.87984,none,flood,1.0
Congo,Likouala,0.82757,17.88209,none,flood,1.0
Congo,Likouala,0.82533,17.87984,none,flood,1.0
Congo,Likouala,0.82533,17.88209,none,flood,1.0
Congo,Likouala,0.82308,17.86861,none,flood,1.0
Congo,Likouala,0.82308,17.87984,none,flood,1.0
Congo,Likouala,0.82084,17.88209,none,flood,1.0
Congo,Likouala,0.81634,17.87086,none,flood,1.0
Congo,Likouala,0.8141,17.87086,none,flood,1.0
Congo,Likouala,0.8141,17.87984,none,flood,1.0
Congo,Likouala,0.81185,17.87086,none,flood,1.0
Congo,Likouala,0.81185,17.8776,none,flood,1.0
Congo,Likouala,0.81185,17.87984,none,flood,1.0
Congo,Likouala,0.80961,17.8776,none,flood,1.0
Congo,Likouala,0.80961,17.87984,none,flood,1.0
Congo,Likouala,0.80961,17.88209,none,flood,1.0
Congo,Likouala,0.80736,17.87535,none,flood,1.0
Congo,Likouala,0.80736,17.8776,none,flood,1.0
Congo,Likouala,0.80736,17.87984,none,flood,1.0
Congo,Likouala,0.80736,17.88209,none,flood,1.0
Congo,Likouala,0.80512,17.87535,none,flood,1.0
Congo,Likouala,0.80512,17.8776,none,flood,1.0
Congo,Likouala,0.80512,17.87984,none,flood,1.0
Congo,Likouala,0.80512,17.88209,none,flood,1.0
Congo,Likouala,0.80287,17.87535,none,flood,1.0
Congo,Likouala,0.80287,17.8776,none,flood,1.0
Congo,Likouala,0.80287,17.87984,none,flood,1.0
Congo,Likouala,0.80287,17.88209,none,flood,1.0
Congo,Likouala,0.80062,17.87535,none,flood,1.0
Congo,Likouala,0.80062,17.8776,none,flood,1.0
Congo,Likouala,0.80062,17.87984,none,flood,1.0
Congo,Likouala,0.80062,17.88209,none,flood,1.0
Congo,Likouala,0.79838,17.87535,none,flood,1.0
Congo,Likouala,0.79838,17.88209,none,flood,1.0
Congo,Likouala,0.79838,17.88433,none,flood,1.0
Congo,Likouala,0.79613,17.87311,none,flood,1.0
Congo,Likouala,0.79389,17.87311,none,flood,1.0
Congo,Likouala,0.78939,17.88658,none,flood,1.0
Congo,Likouala,0.78715,17.88658,none,flood,1.0
Congo,Likouala,0.7849,17.86637,none,flood,1.0
Congo,Likouala,0.78266,17.86861,none,flood,1.0
Congo,Likouala,0.78041,17.86637,none,flood,1.0
Congo,Likouala,0.78041,17.86861,none,flood,1.0
Congo,Likouala,0.77817,17.86637,none,flood,1.0
Congo,Likouala,0.77817,17.86861,none,flood,1.0
Congo,Likouala,0.77817,17.87086,none,flood,1.0
Congo,Likouala,0.77592,17.86637,none,flood,1.0
Congo,Likouala,0.77592,17.86861,none,flood,1.0
Congo,Likouala,0.77367,17.86637,none,flood,1.0
Congo,Likouala,0.77367,17.86861,none,flood,1.0
Congo,Likouala,0.77143,17.86637,none,flood,1.0
Congo,Likouala,0.76918,17.86637,none,flood,1.0
Congo,Likouala,0.76245,17.86637,none,flood,1.0
Congo,Likouala,0.7602,17.86637,none,flood,1.0
Congo,Likouala,0.7602,17.87311,none,flood,1.0
Congo,Likouala,0.75571,17.86637,none,flood,1.0
Congo,Likouala,0.75346,17.86637,none,flood,1.0
Congo,Likouala,0.75346,17.87086,none,flood,1.0
Congo,Likouala,0.75122,17.86637,none,flood,1.0
Congo,Likouala,0.75122,17.87086,none,flood,1.0
Congo,Likouala,0.74897,17.86637,none,flood,1.0
Congo,Likouala,0.74897,17.87086,none,flood,1.0
Congo,Likouala,0.74672,17.86637,none,flood,1.0
Congo,Likouala,0.74672,17.87086,none,flood,1.0
Congo,Likouala,0.74448,17.86637,none,flood,1.0
Congo,Likouala,0.74448,17.87086,none,flood,1.0
Congo,Likouala,0.74223,17.86637,none,flood,1.0
Congo,Likouala,0.74223,17.86861,none,flood,1.0
Congo,Likouala,0.73999,17.86637,none,flood,1.0
Congo,Likouala,0.73999,17.86861,none,flood,1.0
Congo,Likouala,0.73774,17.86637,none,flood,1.0
Congo,Likouala,0.73774,17.86861,none,flood,1.0
Congo,Likouala,0.7355,17.86637,none,flood,1.0
Congo,Likouala,0.73325,17.86412,none,flood,1.0
Congo,Likouala,0.731,17.86412,none,flood,1.0
Congo,Likouala,0.72876,17.86412,none,flood,1.0
Congo,Likouala,0.72876,17.86637,none,flood,1.0
Congo,Likouala,0.72651,17.86637,none,flood,1.0
Congo,Likouala,0.72651,17.86861,none,flood,1.0
Congo,Likouala,0.72427,17.86412,none,flood,1.0
Congo,Likouala,0.72427,17.86637,none,flood,1.0
Congo,Likouala,0.72427,17.86861,none,flood,1.0
Congo,Likouala,0.72202,17.86412,none,flood,1.0
Congo,Likouala,0.72202,17.86637,none,flood,1.0
Congo,Likouala,0.72202,17.86861,none,flood,1.0
Congo,Likouala,0.71978,17.86637,none,flood,1.0
Congo,Likouala,0.71978,17.86861,none,flood,1.0
Congo,Likouala,0.71753,17.87086,none,flood,1.0
Congo,Likouala,0.71528,17.86637,none,flood,1.0
Congo,Likouala,0.71528,17.87086,none,flood,1.0
Congo,Likouala,0.71304,17.87086,none,flood,1.0
Congo,Likouala,0.70181,17.86861,none,flood,1.0
Congo,Likouala,0.69956,17.86188,none,flood,1.0
Congo,Likouala,0.69956,17.86637,none,flood,1.0
Congo,Likouala,0.69956,17.86861,none,flood,1.0
Congo,Likouala,0.69732,17.86412,none,flood,1.0
Congo,Likouala,0.69507,17.86188,none,flood,1.0
Congo,Likouala,0.69507,17.86637,none,flood,1.0
Congo,Likouala,0.69283,17.86188,none,flood,1.0
Congo,Likouala,0.69283,17.86412,none,flood,1.0
Congo,Likouala,0.69283,17.86637,none,flood,1.0
Congo,Likouala,0.69283,17.86861,none,flood,1.0
Congo,Likouala,0.65689,17.86637,none,flood,1.0
Congo,Likouala,0.65465,17.86637,none,flood,1.0
Congo,Likouala,0.64791,17.86637,none,flood,1.0
Congo,Likouala,0.63668,17.85738,none,flood,1.0
Congo,Likouala,0.63444,17.85738,none,flood,1.0
Congo,Likouala,0.63219,17.85738,none,flood,1.0
Congo,Likouala,0.63219,17.85963,none,flood,1.0
Congo,Likouala,0.62994,17.85738,none,flood,1.0
Congo,Likouala,0.62545,17.85738,none,flood,1.0
Congo,Likouala,0.60524,17.85738,none,flood,1.0
Congo,Likouala,0.60524,17.85963,none,flood,1.0
Congo,Likouala,0.60299,17.85738,none,flood,1.0
Congo,Likouala,0.60075,17.85963,none,flood,1.0
Congo,Likouala,0.60075,17.86188,none,flood,1.0
Congo,Likouala,0.60075,17.86412,none,flood,1.0
Congo,Likouala,0.5985,17.85963,none,flood,1.0
Congo,Likouala,0.5985,17.86188,none,flood,1.0
Congo,Likouala,0.5985,17.86412,none,flood,1.0
Congo,Likouala,0.59626,17.85963,none,flood,1.0
Congo,Likouala,0.59626,17.86188,none,flood,1.0
Congo,Likouala,0.59626,17.86412,none,flood,1.0
Congo,Likouala,0.59626,17.86637,none,flood,1.0
Congo,Likouala,0.59401,17.86412,none,flood,1.0
Congo,Likouala,0.59401,17.86637,none,flood,1.0
Congo,Likouala,0.58278,17.87984,none,flood,1.0
Congo,Likouala,0.58054,17.87984,none,flood,1.0
Congo,Likouala,0.57829,17.87984,none,flood,1.0
Congo,Likouala,0.57829,17.88209,none,flood,1.0
Congo,Likouala,0.57604,17.87984,none,flood,1.0
Congo,Likouala,0.57604,17.88209,none,flood,1.0
Congo,Likouala,0.5738,17.87984,none,flood,1.0
Congo,Likouala,0.5738,17.88209,none,flood,1.0
Congo,Likouala,0.57155,17.87984,none,flood,1.0
Congo,Likouala,0.57155,17.88209,none,flood,1.0
Congo,Likouala,0.57155,17.88433,none,flood,1.0
Congo,Likouala,0.56931,17.87984,none,flood,1.0
Congo,Likouala,0.56931,17.88209,none,flood,1.0
Congo,Likouala,0.56931,17.88433,none,flood,1.0
Congo,Likouala,0.56931,17.88658,none,flood,1.0
Congo,Likouala,0.56706,17.88658,none,flood,1.0
Congo,Likouala,0.56706,17.88883,none,flood,1.0
Congo,Likouala,0.56482,17.88658,none,flood,1.0
Congo,Likouala,0.56482,17.88883,none,flood,1.0
Congo,Likouala,0.56257,17.88658,none,flood,1.0
Congo,Likouala,0.56257,17.88883,none,flood,1.0
Congo,Likouala,0.56257,17.89107,none,flood,1.0
Congo,Likouala,0.56032,17.88658,none,flood,1.0
Congo,Likouala,0.56032,17.88883,none,flood,1.0
Congo,Likouala,0.55583,17.89556,none,flood,1.0
Congo,Likouala,0.55583,17.89781,none,flood,1.0
Congo,Likouala,0.55359,17.88433,none,flood,1.0
Congo,Likouala,0.54011,17.90904,none,flood,1.0
Congo,Likouala,0.54011,17.91128,none,flood,1.0
Congo,Likouala,0.54011,17.91353,none,flood,1.0
Congo,Likouala,0.54011,17.91578,none,flood,1.0
Congo,Likouala,0.53787,17.91128,none,flood,1.0
Congo,Likouala,0.53787,17.91353,none,flood,1.0
Congo,Likouala,0.53787,17.91578,none,flood,1.0
Congo,Likouala,0.53562,17.91128,none,flood,1.0
Congo,Likouala,0.53562,17.91353,none,flood,1.0
Congo,Likouala,0.53562,17.91578,none,flood,1.0
Congo,Likouala,0.53337,17.91353,none,flood,1.0
Congo,Likouala,0.53337,17.91578,none,flood,1.0
Congo,Likouala,0.52888,17.92251,none,flood,1.0
Congo,Likouala,0.52664,17.92027,none,flood,1.0
Congo,Likouala,0.52664,17.92251,none,flood,1.0
Congo,Likouala,0.52439,17.92251,none,flood,1.0
Congo,Likouala,0.52215,17.92476,none,flood,1.0
Congo,Likouala,0.52215,17.93374,none,flood,1.0
Congo,Likouala,0.52215,17.93599,none,flood,1.0
Congo,Likouala,0.5199,17.9315,none,flood,1.0
Congo,Likouala,0.51541,17.94048,none,flood,1.0
Congo,Likouala,0.51316,17.92925,none,flood,1.0
Congo,Likouala,0.51316,17.9315,none,flood,1.0
Congo,Likouala,0.51092,17.92925,none,flood,1.0
Congo,Likouala,0.51092,17.9315,none,flood,1.0
Congo,Likouala,0.50867,17.9315,none,flood,1.0
Congo,Likouala,0.50867,17.93374,none,flood,1.0
Congo,Likouala,0.50643,17.9315,none,flood,1.0
Congo,Likouala,0.50643,17.93374,none,flood,1.0
Congo,Likouala,0.50418,17.92925,none,flood,1.0
Congo,Likouala,0.50418,17.9315,none,flood,1.0
Congo,Likouala,0.50193,17.9315,none,flood,1.0
Congo,Likouala,0.48621,17.94272,none,flood,1.0
Congo,Likouala,0.48397,17.94048,none,flood,1.0
Congo,Likouala,0.48397,17.94272,none,flood,1.0
Congo,Likouala,0.48172,17.94048,none,flood,1.0
Congo,Likouala,0.48172,17.94272,none,flood,1.0
Congo,Likouala,0.48172,17.94497,none,flood,1.0
Congo,Likouala,0.47948,17.94048,none,flood,1.0
Congo,Likouala,0.47948,17.94272,none,flood,1.0
Congo,Likouala,0.47948,17.94497,none,flood,1.0
Congo,Likouala,0.47723,17.94048,none,flood,1.0
Congo,Likouala,0.47723,17.94272,none,flood,1.0
Congo,Likouala,0.47723,17.94497,none,flood,1.0
Congo,Likouala,0.46376,17.93823,none,flood,1.0
Congo,Likouala,0.46151,17.93823,none,flood,1.0
Congo,Likouala,0.45926,17.93823,none,flood,1.0
Congo,Likouala,0.45926,17.94048,none,flood,1.0
Congo,Likouala,0.45028,17.94272,none,flood,1.0
Congo,Likouala,0.44803,17.94048,none,flood,1.0
Congo,Likouala,0.44803,17.94272,none,flood,1.0
Congo,Likouala,0.44803,17.94497,none,flood,1.0
Congo,Likouala,0.44579,17.94497,none,flood,1.0
Congo,Likouala,0.44354,17.94497,none,flood,1.0
Congo,Likouala,0.4413,17.94722,none,flood,1.0
Congo,Likouala,0.43905,17.94946,none,flood,1.0
Congo,Likouala,0.43681,17.94946,none,flood,1.0
Congo,Likouala,0.40761,17.94722,none,flood,1.0
Congo,Likouala,0.40536,17.94722,none,flood,1.0
Congo,Likouala,0.40312,17.94497,none,flood,1.0
Congo,Likouala,0.40312,17.94722,none,flood,1.0
Congo,Likouala,0.29981,17.89332,none,flood,1.0
Congo,Likouala,0.29981,17.89556,none,flood,1.0
Congo,Likouala,0.29757,17.89107,none,flood,1.0
Congo,Likouala,0.29757,17.89332,none,flood,1.0
Congo,Likouala,0.29532,17.88883,none,flood,1.0
Congo,Likouala,0.29532,17.89107,none,flood,1.0
Congo,Likouala,0.29308,17.88883,none,flood,1.0
Congo,Likouala,0.28858,17.88209,none,flood,1.0
Congo,Likouala,0.28634,17.87535,none,flood,1.0
Congo,Likouala,0.28409,17.85065,none,flood,1.0
Congo,Likouala,0.28409,17.86861,none,flood,1.0
Congo,Likouala,0.28409,17.87086,none,flood,1.0
Congo,Likouala,0.28409,17.87311,none,flood,1.0
Congo,Likouala,0.28409,17.87535,none,flood,1.0
Congo,Likouala,0.28185,17.86637,none,flood,1.0
Congo,Likouala,0.28185,17.86861,none,flood,1.0
Congo,Likouala,0.28185,17.87086,none,flood,1.0
Congo,Likouala,0.28185,17.87311,none,flood,1.0
Congo,Likouala,0.2796,17.86637,none,flood,1.0
Congo,Likouala,0.2796,17.86861,none,flood,1.0
Congo,Likouala,0.27735,17.85963,none,flood,1.0
Congo,Likouala,0.27735,17.86188,none,flood,1.0
Congo,Likouala,0.27735,17.86412,none,flood,1.0
Congo,Likouala,0.27735,17.86637,none,flood,1.0
Congo,Likouala,0.27735,17.86861,none,flood,1.0
Congo,Likouala,0.27511,17.85738,none,flood,1.0
Congo,Likouala,0.27511,17.85963,none,flood,1.0
Congo,Likouala,0.27511,17.86412,none,flood,1.0
Congo,Likouala,0.27286,17.85514,none,flood,1.0
Congo,Likouala,0.27286,17.85738,none,flood,1.0
Congo,Likouala,0.27286,17.85963,none,flood,1.0
Congo,Likouala,0.27062,17.85289,none,flood,1.0
Congo,Likouala,0.27062,17.85514,none,flood,1.0
Congo,Likouala,0.27062,17.85738,none,flood,1.0
Congo,Likouala,0.27062,17.85963,none,flood,1.0
Congo,Likouala,0.26837,17.85514,none,flood,1.0
Congo,Likouala,0.26613,17.85289,none,flood,1.0
Congo,Likouala,0.24142,17.81921,none,flood,1.0
Congo,Likouala,0.24142,17.82145,none,flood,1.0
Congo,Likouala,0.23918,17.81247,none,flood,1.0
Congo,Likouala,0.23693,17.81247,none,flood,1.0
Congo,Likouala,0.23693,17.81471,none,flood,1.0
Congo,Likouala,0.23468,17.80798,none,flood,1.0
Congo,Likouala,0.23468,17.81022,none,flood,1.0
Congo,Likouala,0.23468,17.81247,none,flood,1.0
Congo,Likouala,0.23019,17.80798,none,flood,1.0
Congo,Likouala,0.22795,17.80573,none,flood,1.0
Congo,Likouala,0.22795,17.80798,none,flood,1.0
Congo,Likouala,0.2257,17.80573,none,flood,1.0
Congo,Likouala,0.2257,17.81471,none,flood,1.0
Congo,Likouala,0.21447,17.80798,none,flood,1.0
Congo,Likouala,0.21447,17.81022,none,flood,1.0
Congo,Likouala,0.20998,17.80798,none,flood,1.0
Congo,Likouala,0.20774,17.79226,none,flood,1.0
Congo,Likouala,0.20774,17.7945,none,flood,1.0
Congo,Likouala,0.20549,17.79226,none,flood,1.0
Congo,Likouala,0.20324,17.80349,none,flood,1.0
Congo,Likouala,0.19875,17.79226,none,flood,1.0
Congo,Likouala,0.19875,17.80124,none,flood,1.0
Congo,Likouala,0.19651,17.79226,none,flood,1.0
Congo,Likouala,0.19651,17.80124,none,flood,1.0
Congo,Likouala,0.19651,17.80349,none,flood,1.0
Congo,Likouala,0.19426,17.79001,none,flood,1.0
Congo,Likouala,0.19426,17.79899,none,flood,1.0
Congo,Likouala,0.19426,17.80124,none,flood,1.0
Congo,Likouala,0.19201,17.79899,none,flood,1.0
Congo,Likouala,0.18977,17.79899,none,flood,1.0
Congo,Likouala,0.18752,17.78552,none,flood,1.0
Congo,Likouala,0.18752,17.7945,none,flood,1.0
Congo,Likouala,0.18752,17.79675,none,flood,1.0
Congo,Likouala,0.18752,17.79899,none,flood,1.0
Congo,Likouala,0.18528,17.79226,none,flood,1.0
Congo,Likouala,0.18528,17.7945,none,flood,1.0
Congo,Likouala,0.18303,17.78552,none,flood,1.0
Congo,Likouala,0.18303,17.79001,none,flood,1.0
Congo,Likouala,0.18303,17.79226,none,flood,1.0
Congo,Likouala,0.18079,17.78103,none,flood,1.0
Congo,Likouala,0.18079,17.78327,none,flood,1.0
Congo,Likouala,0.18079,17.78777,none,flood,1.0
Congo,Likouala,0.18079,17.79001,none,flood,1.0
Congo,Likouala,0.17854,17.78103,none,flood,1.0
Congo,Likouala,0.17629,17.78327,none,flood,1.0
Congo,Likouala,0.17405,17.78327,none,flood,1.0
Congo,Likouala,0.1718,17.77878,none,flood,1.0
Congo,Likouala,0.16956,17.77878,none,flood,1.0
Congo,Likouala,0.16731,17.77429,none,flood,1.0
Congo,Likouala,0.16731,17.77654,none,flood,1.0
Congo,Likouala,0.16731,17.78103,none,flood,1.0
Congo,Likouala,0.16507,17.77429,none,flood,1.0
Congo,Likouala,0.16507,17.77654,none,flood,1.0
Congo,Likouala,0.16282,17.77429,none,flood,1.0
Congo,Likouala,0.16282,17.78103,none,flood,1.0
Congo,Likouala,0.16057,17.77878,none,flood,1.0
Congo,Likouala,0.15833,17.77429,none,flood,1.0
Congo,Likouala,0.15833,17.77878,none,flood,1.0
Congo,Likouala,0.15608,17.77205,none,flood,1.0
Congo,Likouala,0.15608,17.77654,none,flood,1.0
Congo,Likouala,0.15608,17.77878,none,flood,1.0
Congo,Likouala,0.15384,17.77205,none,flood,1.0
Congo,Likouala,0.15384,17.77429,none,flood,1.0
Congo,Likouala,0.15384,17.77654,none,flood,1.0
Congo,Likouala,0.15384,17.77878,none,flood,1.0
Congo,Likouala,0.15159,17.77429,none,flood,1.0
Congo,Likouala,0.15159,17.77654,none,flood,1.0
Congo,Likouala,0.14934,17.7698,none,flood,1.0
Congo,Likouala,0.14934,17.77205,none,flood,1.0
Congo,Likouala,0.14934,17.77429,none,flood,1.0
Congo,Likouala,0.14934,17.77654,none,flood,1.0
Congo,Likouala,0.14934,17.78327,none,flood,1.0
Congo,Likouala,0.1471,17.7698,none,flood,1.0
Congo,Likouala,0.1471,17.77205,none,flood,1.0
Congo,Likouala,0.1471,17.77429,none,flood,1.0
Congo,Likouala,0.1471,17.78103,none,flood,1.0
Congo,Likouala,0.1471,17.78327,none,flood,1.0
Congo,Likouala,0.14485,17.77205,none,flood,1.0
Congo,Likouala,0.14485,17.78103,none,flood,1.0
Congo,Likouala,0.14261,17.77205,none,flood,1.0
Congo,Likouala,0.14261,17.78103,none,flood,1.0
Congo,Likouala,0.14036,17.7698,none,flood,1.0
Congo,Likouala,0.13812,17.7698,none,flood,1.0
Congo,Likouala,0.13812,17.77878,none,flood,1.0
Congo,Likouala,0.13587,17.76755,none,flood,1.0
Congo,Likouala,0.13587,17.7698,none,flood,1.0
Congo,Likouala,0.13362,17.76755,none,flood,1.0
Congo,Likouala,0.13362,17.7698,none,flood,1.0
Congo,Likouala,0.13138,17.76755,none,flood,1.0
Congo,Likouala,0.13138,17.7698,none,flood,1.0
Congo,Likouala,0.12015,17.76082,none,flood,1.0
Congo,Likouala,0.12015,17.76531,none,flood,1.0
Congo,Likouala,0.12015,17.76755,none,flood,1.0
Congo,Likouala,0.1179,17.76531,none,flood,1.0
Congo,Likouala,0.1179,17.76755,none,flood,1.0
Congo,Likouala,0.11566,17.76082,none,flood,1.0
Congo,Likouala,0.11566,17.76306,none,flood,1.0
Congo,Likouala,0.11566,17.76531,none,flood,1.0
Congo,Likouala,0.11566,17.76755,none,flood,1.0
Congo,Likouala,0.11341,17.76755,none,flood,1.0
Congo,Likouala,0.08422,17.75408,none,flood,1.0
Congo,Likouala,0.08197,17.75408,none,flood,1.0
Congo,Likouala,0.07973,17.75183,none,flood,1.0
Congo,Likouala,0.07973,17.75408,none,flood,1.0
Congo,Likouala,0.07748,17.75183,none,flood,1.0
Congo,Likouala,0.07748,17.75408,none,flood,1.0
Congo,Likouala,0.07523,17.74734,none,flood,1.0
Congo,Likouala,0.07523,17.74959,none,flood,1.0
Congo,Likouala,0.07523,17.75183,none,flood,1.0
Congo,Likouala,0.07299,17.74734,none,flood,1.0
Congo,Likouala,0.07299,17.74959,none,flood,1.0
Congo,Likouala,0.06176,17.76082,none,flood,1.0
Congo,Likouala,0.04828,17.73611,none,flood,1.0
Congo,Likouala,0.04379,17.73611,none,flood,1.0
Congo,Likouala,0.04155,17.73387,none,flood,1.0
Congo,Likouala,0.04155,17.73611,none,flood,1.0
Congo,Likouala,0.0393,17.73387,none,flood,1.0
Congo,Likouala,0.0393,17.73611,none,flood,1.0
Congo,Likouala,0.03706,17.73162,none,flood,1.0
Congo,Likouala,0.03706,17.73387,none,flood,1.0
Congo,Likouala,0.03706,17.73611,none,flood,1.0
Congo,Likouala,0.03481,17.73162,none,flood,1.0
Congo,Likouala,0.03481,17.73387,none,flood,1.0
Congo,Likouala,0.03481,17.73611,none,flood,1.0
Congo,Likouala,0.03032,17.73387,none,flood,1.0
Congo,Likouala,0.03032,17.73611,none,flood,1.0
Congo,Likouala,0.02807,17.73162,none,flood,1.0
Congo,Likouala,0.02807,17.73387,none,flood,1.0
Congo,Likouala,0.02583,17.73162,none,flood,1.0
Congo,Likouala,0.02583,17.75183,none,flood,1.0
Congo,Likouala,0.02358,17.73162,none,flood,1.0
Congo,Likouala,0.02358,17.75183,none,flood,1.0
Congo,Likouala,0.02133,17.73162,none,flood,1.0
Congo,Likouala,0.02133,17.74959,none,flood,1.0
Congo,Likouala,0.02133,17.75183,none,flood,1.0
Congo,Likouala,0.01909,17.74734,none,flood,1.0
Congo,Likouala,0.01909,17.74959,none,flood,1.0
Congo,Likouala,0.01909,17.75183,none,flood,1.0
Congo,Likouala,0.01684,17.7451,none,flood,1.0
Congo,Likouala,0.0146,17.74285,none,flood,1.0
Congo,Likouala,0.0146,17.7451,none,flood,1.0
Congo,Likouala,0.01235,17.7406,none,flood,1.0
Congo,Likouala,0.01011,17.73611,none,flood,1.0
Congo,Likouala,0.01011,17.7406,none,flood,1.0
Congo,Likouala,0.00786,17.73611,none,flood,1.0
Congo,Likouala,0.00561,17.72938,none,flood,1.0
Congo,Likouala,0.00561,17.73611,none,flood,1.0
Congo,Likouala,0.00337,17.72938,none,flood,1.0
Congo,Likouala,0.00337,17.73611,none,flood,1.0
Congo,Likouala,0.00112,17.72938,none,flood,1.0
Congo,Likouala,0.00112,17.73611,none,flood,1.0
Congo,Likouala,-0.00112,17.72938,none,flood,1.0
Congo,Likouala,-0.00337,17.72938,none,flood,1.0
Congo,Likouala,-0.00786,17.72488,none,flood,1.0
Congo,Likouala,-0.01011,17.72488,none,flood,1.0
Congo,Likouala,-0.01235,17.72713,none,flood,1.0
Congo,Likouala,-0.01235,17.73162,none,flood,1.0
Congo,Likouala,-0.0146,17.72264,none,flood,1.0
Congo,Likouala,-0.0146,17.72488,none,flood,1.0
Congo,Likouala,-0.0146,17.72713,none,flood,1.0
Congo,Likouala,-0.0146,17.72938,none,flood,1.0
Congo,Likouala,-0.01684,17.72264,none,flood,1.0
Congo,Likouala,-0.01684,17.72488,none,flood,1.0
Congo,Likouala,-0.01684,17.72713,none,flood,1.0
Congo,Likouala,-0.01684,17.72938,none,flood,1.0
Congo,Likouala,-0.01909,17.72713,none,flood,1.0
Congo,Likouala,-0.02358,17.72039,none,flood,1.0
Congo,Likouala,-0.02358,17.72264,none,flood,1.0
Congo,Likouala,-0.02583,17.72039,none,flood,1.0
Congo,Likouala,-0.02583,17.72264,none,flood,1.0
Congo,Likouala,-0.02807,17.7159,none,flood,1.0
Congo,Likouala,-0.02807,17.72039,none,flood,1.0
Congo,Likouala,-0.04155,17.71815,none,flood,1.0
Congo,Likouala,-0.04379,17.71815,none,flood,1.0
Congo,Likouala,-0.04604,17.71815,none,flood,1.0
Congo,Likouala,-0.05053,17.71815,none,flood,1.0
Congo,Likouala,-0.05278,17.71815,none,flood,1.0
Congo,Likouala,-0.05278,17.72039,none,flood,1.0
Congo,Likouala,-0.05278,17.72264,none,flood,1.0
Congo,Likouala,-0.05502,17.7159,none,flood,1.0
Congo,Likouala,-0.05502,17.71815,none,flood,1.0
Congo,Likouala,-0.05502,17.72039,none,flood,1.0
Congo,Likouala,-0.05727,17.71815,none,flood,1.0
Congo,Likouala,-0.05727,17.72039,none,flood,1.0
Congo,Likouala,-0.05727,17.72264,none,flood,1.0
Congo,Likouala,-0.05951,17.72264,none,flood,1.0
Congo,Likouala,-0.064,17.72488,none,flood,1.0
Congo,Likouala,-0.06625,17.72488,none,flood,1.0
Congo,Likouala,-0.07523,17.72488,none,flood,1.0
Congo,Likouala,-0.08646,17.70916,none,flood,1.0
Congo,Likouala,-0.09095,17.72264,none,flood,1.0
Congo,Likouala,-0.10218,17.71365,none,flood,1.0
Congo,Likouala,-0.10218,17.7159,none,flood,1.0
Congo,Likouala,-0.10443,17.71365,none,flood,1.0
Congo,Likouala,-0.10443,17.7159,none,flood,1.0
Congo,Likouala,-0.10667,17.71141,none,flood,1.0
Congo,Likouala,-0.10667,17.71365,none,flood,1.0
Congo,Likouala,-0.10892,17.71141,none,flood,1.0
Congo,Likouala,-0.13138,17.68895,none,flood,1.0
Congo,Likouala,-0.13138,17.6912,none,flood,1.0
Congo,Likouala,-0.13362,17.68895,none,flood,1.0
Congo,Likouala,-0.13587,17.67997,none,flood,1.0
Congo,Likouala,-0.13587,17.68895,none,flood,1.0
Congo,Likouala,-0.13812,17.67997,none,flood,1.0
Congo,Likouala,-0.13812,17.68221,none,flood,1.0
Congo,Likouala,-0.13812,17.68671,none,flood,1.0
Congo,Likouala,-0.14036,17.67772,none,flood,1.0
Congo,Likouala,-0.14036,17.67997,none,flood,1.0
Congo,Likouala,-0.14036,17.68221,none,flood,1.0
Congo,Likouala,-0.14485,17.67548,none,flood,1.0
Congo,Likouala,-0.1471,17.67548,none,flood,1.0
Congo,Likouala,-0.14934,17.68221,none,flood,1.0
Congo,Likouala,-0.15833,17.67323,none,flood,1.0
Congo,Likouala,-0.16057,17.67323,none,flood,1.0
Congo,Likouala,-0.16282,17.67323,none,flood,1.0
Congo,Likouala,-0.16507,17.67323,none,flood,1.0
Congo,Likouala,-0.17629,17.67098,none,flood,1.0
Congo,Likouala,-0.17854,17.67098,none,flood,1.0
Congo,Likouala,-0.18079,17.66649,none,flood,1.0
Congo,Likouala,-0.18079,17.66874,none,flood,1.0
Congo,Likouala,-0.18079,17.67098,none,flood,1.0
Congo,Likouala,-0.21223,17.66425,none,flood,1.0
Congo,Likouala,-0.23468,17.65976,none,flood,1.0
Congo,Likouala,-0.23693,17.65976,none,flood,1.0
Congo,Likouala,-0.23918,17.64628,none,flood,1.0
Congo,Likouala,-0.27735,17.66649,none,flood,1.0
Congo,Likouala,-0.29981,17.67548,none,flood,1.0
Congo,Likouala,-0.30206,17.67548,none,flood,1.0
Congo,Likouala,-0.30206,17.67772,none,flood,1.0
Congo,Likouala,-0.3335,17.69569,none,flood,1.0
Congo,Likouala,-0.34473,17.69344,none,flood,1.0
Congo,Likouala,-0.34697,17.69569,none,flood,1.0
Congo,Likouala,-0.34922,17.69344,none,flood,1.0
Congo,Likouala,-0.34922,17.69569,none,flood,1.0
Congo,Likouala,-0.35596,17.69569,none,flood,1.0
Congo,Likouala,-0.37392,17.69793,none,flood,1.0
Congo,Likouala,-0.53787,17.68221,none,flood,1.0
Congo,Pool,-3.30468,16.19999,none,flood,1.0
Congo,Pool,-3.30468,16.20224,none,flood,1.0
Congo,Pool,-3.30692,16.19999,none,flood,1.0
Congo,Pool,-3.30692,16.20224,none,flood,1.0
Congo,Pool,-3.30692,16.20448,none,flood,1.0
Congo,Pool,-3.30917,16.19999,none,flood,1.0
Congo,Pool,-3.30917,16.20224,none,flood,1.0
Congo,Pool,-3.30917,16.20448,none,flood,1.0
Congo,Pool,-3.31141,16.20224,none,flood,1.0
Congo,Pool,-3.31141,16.20448,none,flood,1.0
Congo,Pool,-3.31366,16.20224,none,flood,1.0
Congo,Pool,-3.31366,16.20448,none,flood,1.0
Congo,Pool,-3.31591,16.20224,none,flood,1.0
Congo,Pool,-3.31815,16.20224,none,flood,1.0
Congo,Pool,-3.3204,16.20224,none,flood,1.0
Congo,Pool,-3.35858,16.19101,none,flood,1.0
Congo,Pool,-3.39002,16.17304,none,flood,1.0
Congo,Pool,-3.39002,16.17529,none,flood,1.0
Congo,Pool,-3.39226,16.17304,none,flood,1.0
Congo,Pool,-3.399,16.16855,none,flood,1.0
Congo,Pool,-3.42146,16.15957,none,flood,1.0
Congo,Pool,-3.4237,16.15732,none,flood,1.0
Congo,Pool,-3.4237,16.15957,none,flood,1.0
Congo,Pool,-3.42595,16.15508,none,flood,1.0
Congo,Pool,-3.4282,16.15283,none,flood,1.0
Congo,Pool,-3.4282,16.15508,none,flood,1.0
Congo,Pool,-3.43493,16.14834,none,flood,1.0
Congo,Pool,-3.44167,16.14385,none,flood,1.0
Congo,Pool,-3.44392,16.1416,none,flood,1.0
Congo,Pool,-3.44616,16.13936,none,flood,1.0
Congo,Pool,-3.44841,16.13936,none,flood,1.0
Congo,Pool,-3.45065,16.13487,none,flood,1.0
Congo,Pool,-3.46413,16.12364,none,flood,1.0
Congo,Pool,-3.46862,16.12139,none,flood,1.0
Congo,Pool,-3.6146,16.04054,none,flood,1.0
Congo,Pool,-4.66563,14.91765,none,flood,1.0
Congo,Pool,-4.66787,14.9154,none,flood,1.0
Congo,Pool,-4.67236,14.91091,none,flood,1.0
Congo,Pool,-4.69033,14.89744,none,flood,1.0
Congo,Pool,-4.69482,14.89519,none,flood,1.0
Congo,Pool,-4.73974,14.87498,none,flood,1.0
Congo,Pool,-3.30468,16.20224,none,flood,1.0
Congo,Pool,-3.30692,16.20224,none,flood,1.0
Congo,Pool,-3.30692,16.20448,none,flood,1.0
Congo,Pool,-3.31366,16.20224,none,flood,1.0
Congo,Pool,-3.31366,16.20448,none,flood,1.0
Congo,Pool,-3.31591,16.20224,none,flood,1.0
Congo,Pool,-3.31815,16.20224,none,flood,1.0
Congo,Pool,-3.43493,16.14834,none,flood,1.0
Congo,Pool,-3.44392,16.1416,none,flood,1.0
Congo,Pool,-3.44841,16.13936,none,flood,1.0
Congo,Pool,-3.45065,16.13487,none,flood,1.0
Congo,Pool,-3.46862,16.12139,none,flood,1.0
Congo,Pool,-3.6146,16.04054,none,flood,1.0
Congo,Brazzaville,-4.12214,15.4207,none,flood,1.0
Congo,Brazzaville,-4.12214,15.42744,none,flood,1.0
Congo,Brazzaville,-4.12439,15.4207,none,flood,1.0
Congo,Brazzaville,-4.12439,15.42295,none,flood,1.0
Congo,Brazzaville,-4.12439,15.4252,none,flood,1.0
Congo,Brazzaville,-4.12439,15.42744,none,flood,1.0
Congo,Brazzaville,-4.13337,15.44541,none,flood,1.0
Congo,Brazzaville,-4.13337,15.44765,none,flood,1.0
Congo,Brazzaville,-4.14011,15.4207,none,flood,1.0
Congo,Brazzaville,-4.14236,15.41397,none,flood,1.0
Congo,Brazzaville,-4.14236,15.41621,none,flood,1.0
Congo,Brazzaville,-4.14236,15.4207,none,flood,1.0
Congo,Brazzaville,-4.14236,15.42744,none,flood,1.0
Congo,Brazzaville,-4.1446,15.40049,none,flood,1.0
Congo,Brazzaville,-4.1446,15.41397,none,flood,1.0
Congo,Brazzaville,-4.1446,15.41621,none,flood,1.0
Congo,Brazzaville,-4.1446,15.41846,none,flood,1.0
Congo,Brazzaville,-4.14685,15.39151,none,flood,1.0
Congo,Brazzaville,-4.14685,15.39376,none,flood,1.0
Congo,Brazzaville,-4.14685,15.396,none,flood,1.0
Congo,Brazzaville,-4.14685,15.40274,none,flood,1.0
Congo,Brazzaville,-4.14685,15.41397,none,flood,1.0
Congo,Brazzaville,-4.14685,15.41621,none,flood,1.0
Congo,Brazzaville,-4.14685,15.4252,none,flood,1.0
Congo,Brazzaville,-4.14909,15.38702,none,flood,1.0
Congo,Brazzaville,-4.14909,15.38926,none,flood,1.0
Congo,Brazzaville,-4.14909,15.40723,none,flood,1.0
Congo,Brazzaville,-4.14909,15.42295,none,flood,1.0
Congo,Brazzaville,-4.14909,15.4252,none,flood,1.0
Congo,Brazzaville,-4.15134,15.38477,none,flood,1.0
Congo,Brazzaville,-4.15134,15.38702,none,flood,1.0
Congo,Brazzaville,-4.15134,15.38926,none,flood,1.0
Congo,Brazzaville,-4.15359,15.38702,none,flood,1.0
Congo,Brazzaville,-4.15359,15.40948,none,flood,1.0
Congo,Brazzaville,-4.15583,15.40723,none,flood,1.0
Congo,Brazzaville,-4.15583,15.40948,none,flood,1.0
Congo,Brazzaville,-4.15583,15.41172,none,flood,1.0
Congo,Brazzaville,-4.15808,15.38926,none,flood,1.0
Congo,Brazzaville,-4.15808,15.39151,none,flood,1.0
Congo,Brazzaville,-4.15808,15.39376,none,flood,1.0
Congo,Brazzaville,-4.15808,15.40723,none,flood,1.0
Congo,Brazzaville,-4.15808,15.40948,none,flood,1.0
Congo,Brazzaville,-4.15808,15.41172,none,flood,1.0
Congo,Brazzaville,-4.16032,15.38028,none,flood,1.0
Congo,Brazzaville,-4.16032,15.38702,none,flood,1.0
Congo,Brazzaville,-4.16032,15.38926,none,flood,1.0
Congo,Brazzaville,-4.16032,15.39151,none,flood,1.0
Congo,Brazzaville,-4.16032,15.39376,none,flood,1.0
Congo,Brazzaville,-4.16032,15.396,none,flood,1.0
Congo,Brazzaville,-4.16032,15.39825,none,flood,1.0
Congo,Brazzaville,-4.16032,15.40049,none,flood,1.0
Congo,Brazzaville,-4.16032,15.40274,none,flood,1.0
Congo,Brazzaville,-4.16032,15.40498,none,flood,1.0
Congo,Brazzaville,-4.16032,15.40723,none,flood,1.0
Congo,Brazzaville,-4.16032,15.40948,none,flood,1.0
Congo,Brazzaville,-4.16257,15.4791,none,flood,1.0
Congo,Brazzaville,-4.17155,15.36905,none,flood,1.0
Congo,Brazzaville,-4.17155,15.3713,none,flood,1.0
Congo,Brazzaville,-4.1738,15.34884,none,flood,1.0
Congo,Brazzaville,-4.1738,15.36905,none,flood,1.0
Congo,Brazzaville,-4.1738,15.3713,none,flood,1.0
Congo,Brazzaville,-4.17604,15.35109,none,flood,1.0
Congo,Brazzaville,-4.17604,15.35333,none,flood,1.0
Congo,Brazzaville,-4.17604,15.35558,none,flood,1.0
Congo,Brazzaville,-4.17604,15.36456,none,flood,1.0
Congo,Brazzaville,-4.17604,15.36905,none,flood,1.0
Congo,Brazzaville,-4.18053,15.32638,none,flood,1.0
Congo,Brazzaville,-4.18278,15.32638,none,flood,1.0
Congo,Brazzaville,-4.18727,15.32414,none,flood,1.0
Congo,Brazzaville,-4.19176,15.31964,none,flood,1.0
Congo,Brazzaville,-4.19176,15.32414,none,flood,1.0
Congo,Brazzaville,-4.19176,15.34435,none,flood,1.0
Congo,Brazzaville,-4.19401,15.3174,none,flood,1.0
Congo,Brazzaville,-4.19401,15.31964,none,flood,1.0
Congo,Brazzaville,-4.20075,15.33761,none,flood,1.0
Congo,Brazzaville,-4.20075,15.33986,none,flood,1.0
Congo,Brazzaville,-4.20299,15.33536,none,flood,1.0
Congo,Brazzaville,-4.20299,15.33986,none,flood,1.0
Congo,Brazzaville,-4.20524,15.33312,none,flood,1.0
Congo,Brazzaville,-4.20524,15.33536,none,flood,1.0
Congo,Brazzaville,-4.20748,15.33087,none,flood,1.0
Congo,Brazzaville,-4.20748,15.33312,none,flood,1.0
Congo,Brazzaville,-4.20748,15.33536,none,flood,1.0
Congo,Brazzaville,-4.20973,15.32863,none,flood,1.0
Congo,Brazzaville,-4.22545,15.32189,none,flood,1.0
Congo,Brazzaville,-4.22545,15.32414,none,flood,1.0
Congo,Brazzaville,-4.2277,15.32189,none,flood,1.0
Congo,Brazzaville,-4.2277,15.32414,none,flood,1.0
Congo,Brazzaville,-4.22994,15.32414,none,flood,1.0
Congo,Brazzaville,-4.23219,15.32189,none,flood,1.0
Congo,Brazzaville,-4.23219,15.32414,none,flood,1.0
Congo,Brazzaville,-4.23443,15.32863,none,flood,1.0
Congo,Brazzaville,-4.23443,15.33087,none,flood,1.0
Congo,Brazzaville,-4.23443,15.33312,none,flood,1.0
Congo,Brazzaville,-4.23668,15.33087,none,flood,1.0
Congo,Brazzaville,-4.23668,15.33312,none,flood,1.0
Congo,Brazzaville,-4.23668,15.33536,none,flood,1.0
Congo,Brazzaville,-4.23893,15.33312,none,flood,1.0
Congo,Brazzaville,-4.23893,15.33536,none,flood,1.0
Congo,Brazzaville,-4.24117,15.33312,none,flood,1.0
Congo,Brazzaville,-4.24117,15.33536,none,flood,1.0
Congo,Brazzaville,-4.24342,15.33312,none,flood,1.0
Congo,Brazzaville,-4.24342,15.33536,none,flood,1.0
Congo,Brazzaville,-4.24566,15.33312,none,flood,1.0
Congo,Brazzaville,-4.24566,15.33536,none,flood,1.0
Congo,Brazzaville,-4.24566,15.33761,none,flood,1.0
Congo,Brazzaville,-4.24791,15.31291,none,flood,1.0
Congo,Brazzaville,-4.24791,15.31515,none,flood,1.0
Congo,Brazzaville,-4.24791,15.3174,none,flood,1.0
Congo,Brazzaville,-4.24791,15.31964,none,flood,1.0
Congo,Brazzaville,-4.24791,15.32189,none,flood,1.0
Congo,Brazzaville,-4.24791,15.32638,none,flood,1.0
Congo,Brazzaville,-4.24791,15.33087,none,flood,1.0
Congo,Brazzaville,-4.24791,15.33312,none,flood,1.0
Congo,Brazzaville,-4.25015,15.3174,none,flood,1.0
Congo,Brazzaville,-4.25015,15.32189,none,flood,1.0
Congo,Brazzaville,-4.2524,15.31964,none,flood,1.0
Congo,Brazzaville,-4.2524,15.32189,none,flood,1.0
Congo,Brazzaville,-4.25465,15.31964,none,flood,1.0
Congo,Brazzaville,-4.27935,15.27922,none,flood,1.0
Congo,Brazzaville,-4.31304,15.22757,none,flood,1.0
Congo,Brazzaville,-4.31528,15.21858,none,flood,1.0
Congo,Brazzaville,-4.31977,15.22532,none,flood,1.0
Congo,Brazzaville,-4.49495,15.09057,none,flood,1.0
Congo,Brazzaville,-4.13113,15.41846,none,flood,1.0
Congo,Brazzaville,-4.13786,15.40948,none,flood,1.0
Congo,Brazzaville,-4.13786,15.4207,none,flood,1.0
Congo,Brazzaville,-4.14011,15.4207,none,flood,1.0
Congo,Brazzaville,-4.14236,15.4207,none,flood,1.0
Congo,Brazzaville,-4.1446,15.41846,none,flood,1.0
Congo,Brazzaville,-4.14685,15.41397,none,flood,1.0
Congo,Brazzaville,-4.14685,15.41621,none,flood,1.0
Congo,Brazzaville,-4.14909,15.40498,none,flood,1.0
Congo,Brazzaville,-4.14909,15.40723,none,flood,1.0
Congo,Brazzaville,-4.14909,15.41846,none,flood,1.0
Congo,Brazzaville,-4.14909,15.4207,none,flood,1.0
Congo,Brazzaville,-4.15134,15.40274,none,flood,1.0
Congo,Brazzaville,-4.15134,15.40498,none,flood,1.0
Congo,Brazzaville,-4.15134,15.41621,none,flood,1.0
Congo,Brazzaville,-4.15359,15.40049,none,flood,1.0
Congo,Brazzaville,-4.15359,15.40274,none,flood,1.0
Congo,Brazzaville,-4.15359,15.40723,none,flood,1.0
Congo,Brazzaville,-4.15359,15.40948,none,flood,1.0
Congo,Brazzaville,-4.15359,15.41172,none,flood,1.0
Congo,Brazzaville,-4.15583,15.39825,none,flood,1.0
Congo,Brazzaville,-4.15583,15.40049,none,flood,1.0
Congo,Brazzaville,-4.15583,15.40274,none,flood,1.0
Congo,Brazzaville,-4.15583,15.40498,none,flood,1.0
Congo,Brazzaville,-4.15583,15.40723,none,flood,1.0
Congo,Brazzaville,-4.15583,15.40948,none,flood,1.0
Congo,Brazzaville,-4.15808,15.39151,none,flood,1.0
Congo,Brazzaville,-4.15808,15.39825,none,flood,1.0
Congo,Brazzaville,-4.15808,15.40049,none,flood,1.0
Congo,Brazzaville,-4.16257,15.36456,none,flood,1.0
Congo,Brazzaville,-4.16257,15.36681,none,flood,1.0
Congo,Brazzaville,-4.16257,15.36905,none,flood,1.0
Congo,Brazzaville,-4.16257,15.3713,none,flood,1.0
Congo,Brazzaville,-4.16257,15.37354,none,flood,1.0
Congo,Brazzaville,-4.16257,15.37579,none,flood,1.0
Congo,Brazzaville,-4.16257,15.37803,none,flood,1.0
Congo,Brazzaville,-4.16481,15.36456,none,flood,1.0
Congo,Brazzaville,-4.16481,15.36681,none,flood,1.0
Congo,Brazzaville,-4.16481,15.36905,none,flood,1.0
Congo,Brazzaville,-4.16481,15.3713,none,flood,1.0
Congo,Brazzaville,-4.16481,15.37354,none,flood,1.0
Congo,Brazzaville,-4.16481,15.37579,none,flood,1.0
Congo,Brazzaville,-4.16706,15.36456,none,flood,1.0
Congo,Brazzaville,-4.16706,15.36905,none,flood,1.0
Congo,Brazzaville,-4.16706,15.3713,none,flood,1.0
Congo,Brazzaville,-4.16931,15.36231,none,flood,1.0
Congo,Brazzaville,-4.16931,15.36456,none,flood,1.0
Congo,Brazzaville,-4.17155,15.36231,none,flood,1.0
Congo,Brazzaville,-4.17155,15.36905,none,flood,1.0
Congo,Brazzaville,-4.1738,15.3421,none,flood,1.0
Congo,Brazzaville,-4.1738,15.35333,none,flood,1.0
Congo,Brazzaville,-4.17604,15.33312,none,flood,1.0
Congo,Brazzaville,-4.17604,15.33536,none,flood,1.0
Congo,Brazzaville,-4.17604,15.33761,none,flood,1.0
Congo,Brazzaville,-4.17604,15.33986,none,flood,1.0
Congo,Brazzaville,-4.17604,15.3421,none,flood,1.0
Congo,Brazzaville,-4.17604,15.34435,none,flood,1.0
Congo,Brazzaville,-4.17829,15.33087,none,flood,1.0
Congo,Brazzaville,-4.17829,15.33312,none,flood,1.0
Congo,Brazzaville,-4.17829,15.33536,none,flood,1.0
Congo,Brazzaville,-4.17829,15.33761,none,flood,1.0
Congo,Brazzaville,-4.17829,15.33986,none,flood,1.0
Congo,Brazzaville,-4.17829,15.3421,none,flood,1.0
Congo,Brazzaville,-4.17829,15.34435,none,flood,1.0
Congo,Brazzaville,-4.17829,15.35782,none,flood,1.0
Congo,Brazzaville,-4.17829,15.36007,none,flood,1.0
Congo,Brazzaville,-4.18053,15.32638,none,flood,1.0
Congo,Brazzaville,-4.18053,15.32863,none,flood,1.0
Congo,Brazzaville,-4.18053,15.33312,none,flood,1.0
Congo,Brazzaville,-4.18053,15.33536,none,flood,1.0
Congo,Brazzaville,-4.18053,15.33761,none,flood,1.0
Congo,Brazzaville,-4.18053,15.33986,none,flood,1.0
Congo,Brazzaville,-4.19176,15.36007,none,flood,1.0
Congo,Brazzaville,-4.19176,15.36231,none,flood,1.0
Congo,Brazzaville,-4.19401,15.36007,none,flood,1.0
Congo,Brazzaville,-4.19401,15.36231,none,flood,1.0
Congo,Brazzaville,-4.19401,15.36456,none,flood,1.0
Congo,Brazzaville,-4.20075,15.32863,none,flood,1.0
Congo,Brazzaville,-4.21647,15.31964,none,flood,1.0
Congo,Brazzaville,-4.21647,15.33312,none,flood,1.0
Congo,Brazzaville,-4.21871,15.33312,none,flood,1.0
Congo,Brazzaville,-4.22545,15.31515,none,flood,1.0
